309,302,300,308,303,298,305,301,305,306,302,302,309,309,303,303,299,300,304,302,304,305,301,307,299,294,303,299,303,304,310,303,303,305,302,298,302,304,302,303,297,304,308,302,294,299,304,304,304,307,309,306,304,307,306,307,302,304,304,301,301,305,305,301,309,301,303,303,312,298,300,305,302,301,302,298,307,308,307,305,301,310,305,306,298,305,304,300,306,304,304,299,303,309,305,302,302,298,301,302,303,302,306,303,300,298,304,302,306,302,305,303,304,307,297,304,304,300,301,305,304,298,304,306,304,301,306,303,307,306,304,309,304,300,304,303,302,304,305,304,299,305,302,303,302,305,299,307,303,302,303,304,306,303,304,302,304,301,301,305,307,302,300,303,304,304,301,302,300,304,306,303,302,304,305,303,299,300,308,302,303,307,301,300,300,305,304,301,303,293,307,302,307,307,299,302,299,301,304,300,306,309,305,307,298,301,304,305,310,301,302,299,305,301,313,301,306,304,309,297,299,301,304,301,307,304,298,302,306,304,306,306,309,303,305,307,298,305,299,298,296,303,300,303,300,299,305,304,304,301,300,299,300,300,307,308,305,298,305,305,302,307,299,306,306,306,301,305,302,296,302,300,298,304,292,301,298,298,306,301,298,305,307,306,301,301,305,295,308,307,307,307,297,305,305,301,300,306,299,306,305,299,298,309,301,299,308,301,300,293,299,300,302,302,302,302,308,299,305,295,301,301,301,308,308,301,305,302,307,307,310,301,297,304,297,299,303,303,304,306,300,304,306,301,301,299,305,306,307,298,310,300,299,306,300,301,306,299,304,306,302,306,301,309,304,306,308,303,299,303,301,302,307,315,304,306,302,304,301,300,304,306,300,301,301,308,301,301,302,304,300,305,304,299,300,303,306,302,306,302,300,304,298,303,308,305,302,302,303,296,304,303,302,300,298,300,302,305,304,300,300,301,305,308,301,301,300,302,302,299,304,301,303,298,298,301,299,301,308,302,294,301,297,300,298,299,300,302,303,303,301,300,305,303,299,305,299,305,304,296,300,301,301,308,300,309,303,301,304,300,302,293,298,305,307,299,303,301,308,301,304,293,301,301,302,296,307,301,305,305,298,300,300,300,300,302,302,297,307,302,301,298,304,306,296,306,304,294,300,303,304,302
301,303,307,307,301,308,300,306,311,298,302,303,304,303,302,307,306,302,296,304,304,308,304,301,301,302,299,305,302,305,301,301,306,308,304,307,302,306,306,304,308,302,301,299,303,304,304,309,305,301,307,303,308,302,301,298,306,305,303,298,299,304,303,304,298,303,306,306,307,303,302,303,305,307,304,304,306,302,300,301,301,302,309,304,302,303,300,306,300,304,307,304,309,303,302,307,300,307,306,302,305,308,304,306,301,307,302,305,301,300,308,307,310,305,303,304,293,304,306,296,312,299,302,307,300,303,303,306,301,300,308,301,308,298,302,299,298,305,302,297,303,301,306,305,306,305,300,301,303,298,303,302,312,309,304,305,304,302,300,305,300,304,294,305,308,302,305,301,306,306,305,305,308,303,304,306,304,304,302,303,304,299,300,301,305,303,303,305,298,295,300,302,304,305,294,303,306,298,301,299,303,299,305,313,302,302,306,299,297,301,303,304,305,309,307,307,297,301,300,303,303,309,301,305,300,307,303,307,302,302,303,302,302,307,300,304,302,301,297,303,300,297,302,297,302,303,307,306,305,297,294,305,308,300,305,301,303,300,303,301,299,302,302,299,304,313,305,306,301,307,307,302,297,301,304,304,301,300,300,304,302,302,305,302,298,311,302,297,304,304,302,309,297,304,302,301,300,295,301,301,302,303,303,301,305,300,300,296,297,300,306,296,300,297,304,309,300,300,302,301,303,299,302,301,297,308,300,306,306,301,303,301,305,300,301,300,306,301,299,303,307,303,306,300,299,301,301,303,304,298,304,298,300,300,306,298,303,300,307,298,312,299,302,303,304,300,296,303,303,301,303,301,303,305,301,299,300,302,303,301,303,300,302,304,302,300,294,300,300,299,307,302,303,304,300,298,305,300,299,295,295,299,305,296,300,307,294,306,306,298,297,292,301,304,298,297,296,304,299,300,304,302,304,308,303,300,303,306,306,294,301,297,303,303,306,304,299,304,301,302,302,299,301,296,302,302,299,304,301,304,302,297,304,302,302,298,303,305,297,300,307,301,301,300,301,299,300,299,303,299,296,297,298,297,294,309,305,299,302,301,306,299,301,301,297,305,296,302,303,292,299,303,300,292,297,303,302,304,297,296,300,300,303,298,300,304,299,297,300,300,296,307
303,304,302,300,303,307,298,305,298,307,307,308,305,300,306,306,299,307,302,306,298,306,309,305,310,309,308,300,305,300,302,301,311,304,300,298,302,307,308,306,307,302,306,304,304,303,303,305,308,306,294,306,310,304,302,308,296,300,305,301,307,305,304,306,307,311,304,304,303,300,307,301,305,302,304,302,304,301,301,305,304,301,299,300,300,303,298,303,306,302,303,304,304,305,299,301,303,303,302,304,309,295,306,305,306,299,301,296,305,301,300,300,302,303,306,302,310,305,304,308,303,299,305,303,304,306,310,302,301,302,308,303,308,303,305,303,301,300,303,305,300,302,309,299,308,307,304,299,309,305,305,302,299,305,300,306,300,301,302,304,300,304,307,305,305,305,301,298,303,304,296,299,307,302,306,304,302,306,302,303,305,301,306,304,309,303,297,297,301,304,301,298,306,300,298,300,300,301,303,307,297,302,304,304,302,297,301,300,301,310,302,302,303,302,304,300,301,305,302,306,302,304,311,302,300,304,300,302,306,299,304,300,303,303,298,300,300,309,302,298,302,299,299,306,304,307,299,309,303,305,303,303,301,298,300,305,296,300,305,311,300,301,308,302,307,298,304,304,301,302,302,302,302,300,300,302,297,309,302,302,303,308,301,301,303,294,308,302,298,302,304,304,306,307,297,300,301,299,306,302,299,300,302,303,304,303,301,300,295,303,300,302,306,300,302,301,302,312,295,306,301,303,304,297,306,302,302,300,305,304,299,301,304,307,297,309,305,305,301,303,300,303,301,302,306,301,299,301,302,296,299,300,310,296,300,301,300,308,299,296,299,300,297,300,303,296,302,300,302,304,303,301,302,297,305,297,308,301,296,306,300,302,300,303,303,299,303,305,301,302,298,298,303,296,302,307,301,305,308,304,297,304,306,301,299,297,299,300,301,305,301,299,303,306,306,299,307,300,299,294,299,302,303,304,306,299,296,302,304,301,305,298,302,301,296,304,302,301,295,298,292,302,299,299,303,298,304,300,305,304,302,301,302,302,301,302,303,300,297,294,303,301,298,298,298,299,300,305,306,307,295,298,304,300,300,301,305,305,300,306,305,301,302,301,302,300,300,305,299,303,300,298,302,301,301,300,294,297,302,302,306,301,299,302,304,300,302,303,303,296,299,298
303,304,309,300,301,304,307,303,306,298,303,302,303,309,307,311,304,304,304,307,297,303,303,306,303,306,308,302,301,302,296,308,303,301,304,295,304,304,301,302,304,300,309,298,305,297,304,301,305,305,307,302,302,303,299,302,300,310,298,309,307,296,297,306,306,301,309,301,300,304,305,302,309,299,300,305,304,303,304,301,302,298,301,304,306,298,303,298,303,304,300,306,301,302,304,302,302,300,299,300,300,309,305,302,302,301,306,307,303,306,296,298,306,305,305,301,303,293,304,303,306,306,306,308,306,305,296,307,302,307,300,309,312,291,303,302,303,302,303,297,300,304,300,301,305,302,309,302,306,305,303,306,303,302,300,299,301,299,303,309,311,305,301,304,303,299,300,302,301,306,303,305,304,301,301,309,306,309,299,300,301,298,298,301,310,301,301,310,304,303,299,307,304,300,299,298,303,303,305,301,306,301,301,298,304,306,306,298,305,294,305,299,301,302,308,303,305,292,302,300,307,303,301,304,303,300,299,303,300,304,303,305,300,298,307,299,298,301,301,308,299,302,298,303,305,296,302,301,298,305,303,296,305,298,306,301,305,302,295,298,306,304,297,302,303,302,300,298,303,297,301,301,308,305,305,294,304,298,306,300,296,305,302,299,300,304,303,299,295,298,299,300,305,295,300,303,303,302,301,302,303,299,295,302,307,301,305,301,305,307,303,301,304,299,303,303,301,305,303,305,305,299,304,298,303,303,300,308,299,298,301,305,297,300,303,295,303,297,301,300,301,298,302,304,304,299,297,301,306,305,302,298,299,302,303,297,299,293,297,297,298,304,305,304,303,301,293,301,306,299,301,305,301,299,304,303,299,302,301,297,301,299,302,299,305,297,299,302,302,303,299,302,301,301,300,302,303,298,299,303,298,291,299,298,298,297,298,302,291,307,294,301,308,295,302,300,298,302,295,298,302,296,301,300,299,303,300,302,298,301,298,302,292,303,302,299,302,299,298,301,301,306,298,298,305,302,300,311,299,306,303,302,295,305,303,295,295,292,302,301,297,300,304,298,297,297,302,302,302,300,302,300,292,300,298,303,301,301,304,303,297,302,298,298,306,307,302,302,300,300,298,299,306,303,298,303,302,296,302,301,298,295,295,301,301,309,302,294,304,299,302,300
303,305,300,304,302,307,304,305,305,301,297,300,302,300,295,299,300,307,300,304,304,301,305,299,306,305,305,304,303,304,304,296,298,302,308,305,301,298,303,303,305,306,296,302,305,306,295,303,299,303,303,307,302,307,303,303,305,298,304,309,301,304,302,304,298,307,302,302,301,300,301,297,302,302,303,298,304,308,304,299,310,297,303,304,294,301,307,304,302,303,303,295,302,308,301,304,300,298,305,304,297,304,304,302,301,302,302,303,302,300,302,308,301,304,301,306,304,301,300,304,303,301,301,297,302,300,308,300,299,303,302,313,305,303,306,303,300,305,292,299,303,298,302,301,303,299,301,300,298,299,302,306,305,304,303,303,303,297,301,299,305,300,304,306,304,302,299,298,307,303,304,303,299,303,306,303,310,305,303,296,303,303,298,299,299,299,301,303,298,301,303,308,296,304,299,306,305,301,301,297,303,302,306,304,302,301,303,302,302,299,304,308,300,300,310,305,307,301,298,300,298,296,300,301,308,297,304,298,298,304,295,297,304,298,302,301,305,304,299,303,302,303,300,301,297,299,300,299,303,299,305,299,306,304,300,300,302,302,306,295,305,302,302,297,299,303,303,306,301,303,297,292,300,304,302,298,302,304,303,297,299,302,302,306,305,300,300,305,302,298,307,298,295,301,308,299,298,301,296,306,306,304,297,303,301,299,304,306,305,308,302,300,305,298,295,301,301,297,301,302,298,301,301,304,303,296,308,298,302,298,304,301,302,299,304,301,301,306,302,307,303,305,300,301,303,305,298,292,300,297,296,292,302,305,300,301,297,299,296,305,301,300,304,304,305,302,303,298,292,301,304,300,302,300,301,299,307,298,304,300,294,301,299,302,304,304,304,293,298,300,298,297,299,296,298,293,298,308,306,295,301,302,304,306,292,303,299,298,300,297,302,299,297,302,301,299,298,299,304,299,302,301,296,306,301,303,303,303,299,302,295,302,303,303,297,298,300,294,301,302,304,302,300,303,297,289,302,302,305,304,303,305,305,301,305,304,306,300,299,298,301,298,302,301,300,300,308,299,298,301,302,298,301,297,300,299,306,302,306,301,306,304,299,300,300,298,300,303,297,301,300,301,303,306,301,293,301,297,301,303,295,303,295,302,298,294,303,297,299,299,296,296
307,303,298,301,303,299,300,299,305,306,308,302,301,305,305,298,303,305,303,303,303,304,305,304,306,308,304,312,299,299,300,298,302,302,306,305,304,298,303,294,301,303,298,308,301,302,306,304,303,302,301,299,302,303,302,301,298,302,303,296,299,300,304,301,298,299,295,296,303,304,310,309,302,303,301,307,307,299,305,308,303,304,307,303,302,299,298,301,306,304,302,303,299,300,298,303,306,298,303,298,307,299,299,297,304,301,303,304,305,301,298,303,296,299,301,301,303,305,300,303,302,303,297,299,299,291,301,304,309,299,307,304,305,299,304,299,298,301,303,298,295,305,306,303,299,300,303,300,299,305,299,312,301,303,297,303,297,298,302,303,302,304,304,304,299,308,294,296,306,294,302,305,296,299,296,301,297,299,302,298,304,297,297,304,301,295,299,301,302,297,304,292,302,301,297,307,298,300,306,302,305,302,300,306,301,300,303,297,301,298,301,299,303,308,308,304,305,298,298,297,303,309,299,302,306,304,301,294,301,300,301,298,300,300,295,298,299,305,306,291,302,300,304,305,298,303,298,298,294,301,297,302,298,306,297,299,298,304,300,298,294,301,296,303,301,297,302,303,297,299,300,303,299,301,305,302,302,295,303,300,299,302,300,302,302,302,297,303,301,296,304,297,298,310,294,309,301,300,306,301,301,302,302,301,299,300,301,301,304,295,304,305,297,300,305,301,309,295,303,298,302,295,301,301,305,302,299,305,297,303,295,301,301,304,297,297,303,301,309,300,304,304,290,302,298,305,300,295,295,302,302,296,304,299,299,303,296,298,302,299,303,303,303,300,304,295,303,302,297,296,308,300,306,298,300,300,305,300,301,299,294,304,303,303,302,302,302,304,303,305,295,300,302,301,296,300,295,301,300,296,296,301,299,299,303,298,298,305,306,300,306,305,307,296,298,301,306,303,301,300,299,301,303,300,307,302,303,302,303,297,297,306,300,296,303,297,297,303,300,301,299,298,296,303,302,296,304,298,300,297,293,304,301,302,302,302,302,299,299,299,297,299,300,295,299,301,301,303,299,297,301,298,305,299,304,301,297,296,300,300,302,297,299,304,302,300,295,305,299,302,296,300,294,297,303,293,298,301,304,301,298,302,301,298,306,304,304,300,299,298,302,298
300,308,302,297,303,307,302,301,307,301,307,305,301,307,295,302,303,304,304,300,298,298,305,305,300,299,303,306,301,308,297,302,301,306,299,307,304,303,303,306,305,297,305,302,303,300,294,307,303,297,306,301,308,308,302,302,299,297,310,300,299,298,298,306,304,298,301,298,304,304,302,300,300,300,303,299,303,304,304,300,302,297,303,300,301,310,299,300,302,300,306,300,301,301,294,298,298,301,307,296,304,297,297,301,297,304,308,296,302,299,308,300,301,299,299,304,301,301,299,305,303,302,302,300,295,298,304,300,300,299,304,306,307,305,297,309,300,299,303,300,303,300,294,302,302,307,299,307,301,303,304,306,298,295,299,306,299,304,305,302,304,296,304,308,303,301,302,303,301,302,301,298,303,301,303,307,298,294,299,303,299,301,308,302,302,303,307,302,305,302,305,298,306,304,299,296,299,303,306,300,302,298,299,302,299,299,298,303,298,302,302,304,300,303,303,305,299,304,304,296,305,296,302,301,293,306,297,301,298,295,296,297,303,303,293,306,300,299,302,301,302,297,305,301,304,298,299,301,301,300,302,303,300,300,301,303,298,300,301,299,299,304,307,304,301,302,298,298,298,301,304,306,299,298,299,303,303,301,297,295,306,295,301,301,302,303,301,299,303,302,302,305,306,301,303,297,301,305,305,299,298,296,296,301,295,301,301,300,298,305,308,304,301,293,300,309,300,299,297,297,310,298,307,298,301,296,303,305,305,299,297,298,297,297,305,304,302,298,299,307,297,301,304,306,299,302,305,299,304,305,298,291,301,304,296,297,299,298,301,300,299,300,303,306,298,295,303,303,304,300,307,300,298,305,305,301,302,294,299,302,303,299,304,296,301,301,298,301,301,298,304,301,302,301,299,304,303,301,299,303,298,298,297,304,299,299,299,303,301,300,303,298,301,302,309,296,299,303,302,301,301,306,297,299,301,307,302,299,300,294,299,300,296,300,299,307,301,303,302,299,297,296,300,298,299,302,300,303,301,296,305,294,297,301,298,302,302,304,299,304,305,295,298,302,299,303,299,298,301,297,301,293,302,295,298,300,303,297,296,304,302,295,297,303,293,303,305,300,304,299,305,297,299,302,301,303,302,296,294,302,302,299,298,301,299,297,300,299,297,297,307,297
305,299,302,301,305,303,302,306,304,303,299,301,306,298,300,298,306,299,310,301,301,294,301,297,304,303,304,304,299,298,307,294,301,301,300,300,296,300,298,302,310,303,304,304,305,306,303,307,301,302,307,304,299,303,304,299,300,309,302,303,309,292,307,299,302,304,300,308,301,306,302,304,303,298,305,300,304,300,302,298,303,301,301,299,294,294,297,307,304,301,299,297,296,299,303,299,297,302,299,302,302,301,302,303,301,310,307,303,299,299,304,297,306,302,297,301,300,300,299,300,302,301,304,306,302,294,303,303,302,300,307,305,305,299,300,305,303,300,305,303,300,298,300,298,301,302,298,303,298,308,301,300,301,299,303,300,301,301,300,305,302,296,302,300,301,294,302,302,299,304,295,301,300,296,301,303,299,299,303,295,297,299,295,305,302,297,298,301,298,298,310,296,300,300,296,301,299,297,300,304,299,302,305,302,299,306,303,296,302,297,304,309,294,299,302,310,298,298,301,301,303,305,300,296,299,295,299,308,300,295,306,299,306,296,303,301,296,304,307,301,300,303,304,305,293,301,298,299,301,300,299,300,298,299,301,301,302,297,305,301,297,304,297,296,299,298,304,300,303,304,301,304,305,302,300,304,295,306,300,299,298,299,298,303,305,301,301,301,295,296,296,303,302,303,305,297,298,301,299,302,297,297,300,303,304,304,296,295,299,301,302,297,301,294,299,300,301,300,297,302,303,293,303,293,305,299,298,298,302,306,305,300,297,299,299,304,303,298,294,297,298,305,296,302,306,296,299,296,297,300,307,306,298,299,296,302,299,296,305,299,301,302,305,296,304,304,298,297,303,299,294,303,295,301,298,303,295,304,294,299,304,292,299,300,308,304,293,305,298,293,297,296,301,295,296,296,298,291,296,299,297,295,302,300,297,297,301,302,296,304,302,297,295,298,309,302,301,296,292,297,295,297,299,306,306,297,299,301,299,306,299,303,302,299,293,304,297,303,298,302,304,297,304,300,306,299,290,302,305,298,300,298,298,295,297,302,301,305,295,299,296,293,302,297,301,297,295,305,298,300,298,305,296,301,305,300,297,301,299,292,303,297,310,299,301,294,294,296,300,299,304,297,301,305,305,304,300,299,302,293,293,301,299,298,301,304,300,299,305,297,300,301
297,308,305,298,304,301,299,303,302,304,297,302,300,305,300,299,305,304,297,302,299,304,310,298,306,305,298,300,302,303,298,303,298,301,303,301,302,305,303,303,303,304,302,300,293,301,309,303,304,303,300,298,302,306,306,304,300,301,300,306,301,301,302,297,305,302,301,306,299,303,298,306,302,297,303,300,303,305,297,299,297,299,307,302,301,297,305,302,297,308,300,295,307,305,301,304,302,303,299,301,301,302,302,295,300,305,301,300,300,297,299,296,298,297,304,303,301,299,295,305,305,297,299,297,303,296,302,298,304,305,294,304,305,304,306,300,297,299,301,309,305,295,297,296,304,300,300,302,307,302,305,297,299,299,298,296,302,300,300,303,302,305,300,293,305,303,299,308,300,302,298,301,301,306,297,299,296,304,300,304,299,296,297,298,301,302,301,297,303,306,304,298,302,303,300,306,300,299,300,301,298,301,290,301,299,301,301,308,306,300,301,301,303,297,307,298,303,295,300,308,299,307,299,303,302,299,305,295,296,304,298,302,302,300,299,299,307,299,298,301,303,304,298,303,297,303,308,301,293,295,300,303,295,303,298,303,301,305,300,306,299,303,299,299,304,305,305,303,295,303,295,299,306,299,293,300,304,303,298,302,297,297,303,302,297,296,303,301,294,304,303,302,296,301,303,306,298,299,296,297,306,300,289,303,299,297,300,295,302,303,302,296,302,298,305,299,299,299,302,301,300,300,295,293,305,298,292,296,301,297,300,294,298,296,296,301,303,294,297,294,297,298,303,303,305,302,304,298,298,303,296,301,308,299,303,296,298,299,299,296,298,306,300,304,301,303,300,299,304,302,300,298,296,296,303,299,300,299,300,297,300,302,299,297,300,300,304,304,301,300,295,300,306,293,299,295,297,295,301,302,294,294,302,299,296,302,297,301,300,303,301,296,299,300,303,300,305,302,294,302,297,301,303,298,302,296,303,302,298,300,299,297,299,298,299,293,303,294,297,305,292,297,300,300,299,293,304,302,293,303,297,301,299,300,300,306,297,299,300,298,297,296,306,298,291,298,297,303,298,295,302,298,304,294,299,297,294,296,300,300,305,295,296,295,302,301,304,296,293,304,300,298,299,304,293,293,303,302,298,298,307,294,300,292,302,300,303,303,301,305,297,300
304,303,307,298,301,299,301,302,308,295,303,302,293,308,302,299,301,306,296,304,302,301,299,296,301,302,300,303,301,304,301,305,299,300,307,301,297,297,302,303,301,303,306,297,300,302,303,301,297,302,299,303,300,302,305,299,304,302,300,299,298,304,302,303,303,303,301,300,307,301,303,307,299,301,298,299,303,298,300,305,297,307,303,296,299,301,308,299,306,301,302,298,301,304,303,297,303,305,302,298,302,311,302,302,296,295,303,300,302,298,298,301,299,304,302,297,301,296,301,295,307,304,296,295,298,296,301,305,300,297,302,304,301,302,304,302,303,299,297,305,303,302,298,300,296,302,302,300,308,298,302,301,297,302,301,297,302,294,299,300,309,301,303,302,304,302,300,303,299,301,303,303,297,303,299,297,302,293,302,298,304,302,298,293,298,303,300,296,296,302,298,307,299,296,306,303,298,300,306,300,302,304,301,301,303,304,300,299,303,299,298,297,299,304,302,296,297,295,314,298,301,303,300,306,301,301,299,299,296,303,305,299,298,301,298,302,301,297,299,300,301,301,294,303,300,296,306,297,298,305,298,301,298,295,298,302,303,305,297,296,301,306,300,303,300,299,305,299,293,301,303,304,305,300,299,294,297,303,289,300,305,305,293,300,308,299,304,301,296,308,301,297,310,302,294,298,293,296,301,302,302,301,298,296,297,299,302,298,297,299,298,303,299,300,299,296,300,297,300,304,298,301,296,296,301,302,294,300,299,298,299,305,299,299,296,305,299,293,301,300,297,303,305,295,299,299,305,300,301,296,303,297,295,300,303,296,302,298,301,295,296,300,295,295,302,297,300,298,304,303,291,302,293,300,299,298,292,294,302,297,300,299,297,302,303,305,293,302,304,295,297,300,302,297,300,300,297,298,297,297,297,298,293,295,302,296,305,300,305,299,298,295,294,299,293,301,301,305,302,290,300,300,297,294,296,296,298,291,301,301,296,301,299,299,297,297,301,298,299,299,301,301,296,299,301,303,302,298,300,297,300,300,297,300,306,297,306,298,301,301,300,296,296,307,297,298,301,296,297,296,297,297,295,305,295,300,300,304,295,303,297,295,294,298,301,297,301,295,297,294,300,296,297,298,297,300,292,298,303,299,293,304,296,294,295,297,303,300,302,297,296,300
309,303,302,293,306,302,302,299,300,297,306,301,298,301,298,299,301,300,300,297,307,300,299,306,297,302,302,305,305,300,306,304,304,298,304,300,305,300,304,299,301,300,298,297,299,305,307,302,299,304,302,306,291,302,300,305,303,293,308,304,306,299,300,307,302,298,305,301,302,300,303,297,303,301,302,301,303,309,297,298,307,302,297,296,305,297,308,297,303,301,303,299,297,306,296,301,307,301,304,294,300,300,303,300,299,298,300,303,305,300,302,300,294,295,300,296,302,302,303,299,302,301,302,302,311,298,294,295,301,292,306,310,296,299,300,306,299,303,298,307,304,296,297,300,304,298,296,291,298,301,300,295,296,301,299,304,300,303,304,301,306,297,297,301,300,298,305,296,299,298,300,301,293,299,293,303,298,303,304,298,296,306,301,299,303,296,296,299,299,295,303,299,300,307,305,299,298,301,298,300,303,301,294,299,304,300,300,303,304,298,299,306,299,303,305,307,301,299,302,299,301,304,295,297,300,294,301,300,296,299,301,298,302,299,300,300,299,300,303,298,296,305,295,307,295,301,293,298,299,299,303,295,297,300,303,308,296,302,304,302,298,299,296,303,300,307,301,304,300,297,302,301,295,303,302,295,301,293,301,308,298,301,296,298,299,295,296,305,302,298,293,306,301,302,297,302,308,296,306,296,302,303,296,299,295,302,301,298,297,301,301,302,295,297,304,300,302,295,301,302,300,302,296,302,298,299,302,295,299,304,304,299,299,304,296,303,299,302,304,305,307,296,301,306,302,295,301,305,305,295,298,297,294,294,305,305,302,298,296,297,299,305,297,300,299,300,297,293,302,298,299,298,293,299,293,298,300,294,302,305,303,297,300,301,295,297,294,298,300,299,299,301,305,302,299,305,303,301,302,296,298,299,303,297,299,300,301,290,304,299,300,301,294,307,296,301,294,300,298,300,305,306,295,299,303,296,304,298,303,299,299,302,293,300,295,303,293,293,292,298,304,292,296,301,300,301,301,298,297,301,301,304,305,301,296,298,299,300,307,299,303,294,292,298,299,294,298,297,298,293,303,298,298,304,296,299,295,292,295,298,294,295,303,302,301,298,297,298,303,298,295,306,300,292,302,306,295,295,306,296,297,298,298,302,297,299,296,298,302,298,297,296
302,300,300,300,301,300,302,308,299,297,301,303,305,299,297,300,294,303,304,301,299,298,297,301,298,308,297,296,300,301,305,296,302,300,298,306,298,302,302,302,305,303,307,303,295,301,301,297,299,301,304,303,301,309,299,302,299,303,294,299,311,295,301,301,298,300,303,300,302,298,298,297,302,304,303,301,297,304,298,302,305,298,301,307,304,302,296,302,298,300,303,298,302,302,301,303,291,305,301,302,297,299,300,301,294,305,304,308,305,299,305,303,297,294,296,305,300,297,305,298,302,304,296,302,301,305,306,305,301,297,303,306,303,308,299,305,298,299,302,300,303,297,299,300,294,296,298,305,305,296,303,305,301,301,300,297,303,302,299,301,300,299,303,298,303,307,305,296,299,298,300,302,293,304,299,298,298,299,302,300,300,299,303,303,294,303,297,296,300,297,306,294,308,294,297,294,296,304,298,295,299,298,306,300,298,302,302,294,304,300,303,300,301,301,300,306,302,301,298,302,299,298,301,291,291,299,295,296,302,298,302,297,297,299,297,303,297,300,299,299,301,294,292,297,300,303,303,300,301,305,298,302,300,300,301,292,299,295,305,295,298,300,304,302,304,305,299,300,296,297,298,294,299,295,300,297,303,303,299,296,297,302,305,306,297,300,298,299,297,300,306,299,295,301,299,300,298,301,305,297,300,297,297,304,299,305,303,294,302,300,299,300,300,301,296,304,300,298,299,303,296,296,302,298,302,299,300,300,306,300,298,301,298,292,295,303,293,303,298,293,299,300,297,297,301,302,300,298,295,294,297,298,298,300,298,305,297,300,298,297,306,301,301,298,297,294,304,299,302,294,300,303,297,295,301,299,296,294,299,303,297,294,301,296,297,299,299,297,301,303,298,295,296,295,303,297,302,306,296,299,306,300,299,296,299,298,302,301,299,298,303,297,303,297,305,296,300,296,299,296,294,304,305,300,292,291,300,301,299,298,302,302,302,303,297,297,295,299,300,304,297,294,300,294,301,308,302,302,296,301,300,293,302,302,295,294,298,295,305,295,298,299,301,304,304,300,294,304,297,298,300,294,297,298,301,301,296,304,304,300,297,292,304,300,304,297,299,304,299,299,296,296,295,300,298,301,297,302,298,297,298,303,294,294,299,302,301,298,300,296,300,293
299,295,297,301,304,302,312,300,303,296,302,301,302,293,295,299,298,299,299,299,297,297,306,302,305,299,301,304,300,298,298,296,299,301,306,297,298,304,297,299,305,301,300,301,306,297,307,302,304,305,302,302,306,303,299,297,307,300,299,301,301,302,299,299,304,300,303,300,309,300,298,305,303,303,299,301,300,297,303,301,306,302,298,306,305,297,298,301,302,293,295,298,308,301,296,299,301,305,308,301,301,296,300,302,305,298,293,304,299,295,303,302,299,301,303,298,294,300,303,303,300,303,299,301,296,298,299,299,308,298,303,304,301,303,308,300,301,298,297,300,302,304,299,297,299,298,299,302,306,300,302,304,304,303,301,305,300,300,299,303,299,297,299,303,294,299,303,298,298,301,301,299,301,299,296,303,299,294,299,297,295,298,306,297,301,300,297,303,297,300,300,299,307,297,299,299,299,300,304,297,303,299,308,295,295,302,298,303,296,296,302,296,301,301,304,304,297,303,302,297,301,303,307,296,299,295,303,298,305,299,294,301,302,301,301,301,297,302,293,297,303,297,299,297,298,299,295,295,296,293,305,304,297,298,295,301,296,299,300,296,300,289,301,303,297,299,296,302,303,299,301,296,300,297,301,295,301,309,297,296,300,304,305,299,291,295,299,302,302,294,298,296,302,299,293,301,294,298,295,300,294,298,303,294,299,296,297,294,305,299,300,289,305,300,296,299,301,297,300,299,301,293,297,290,297,289,294,297,304,299,301,298,296,296,303,304,294,295,302,299,300,301,302,300,302,307,296,298,298,300,303,298,300,297,298,296,299,296,299,300,297,298,297,297,299,301,296,301,302,297,304,296,291,304,298,297,298,302,302,298,293,299,301,297,302,294,299,294,297,299,296,296,298,299,294,294,299,300,298,293,301,296,300,293,302,297,295,296,297,296,301,306,300,295,298,299,298,302,295,301,305,301,298,298,301,299,297,301,291,295,304,300,300,299,302,298,294,293,303,299,298,298,296,302,303,296,295,303,303,296,296,300,297,295,300,297,289,300,298,294,298,299,303,296,299,295,301,298,298,299,298,300,295,303,292,298,298,302,296,296,303,298,304,300,302,299,298,298,300,298,297,299,301,295,299,289,300,303,298,292,301,295,300,296,304,299,295,296,298,297,301,297
297,297,294,296,301,295,299,299,305,305,298,302,304,305,300,298,301,299,303,301,299,297,302,303,299,302,299,297,301,308,300,298,304,300,295,304,297,304,299,305,299,301,301,301,300,296,299,300,299,304,298,308,297,305,302,298,305,302,295,303,299,302,298,291,303,301,304,304,295,304,302,297,299,301,302,298,302,302,304,299,297,296,301,304,303,302,298,299,299,302,301,298,303,296,300,306,300,301,294,308,305,300,296,289,295,301,296,297,291,295,299,301,310,301,303,297,293,300,298,305,301,296,301,297,296,305,302,302,295,301,301,308,298,301,299,300,294,304,301,305,301,300,299,298,295,302,301,295,296,301,298,297,303,301,297,297,302,298,300,300,300,296,300,302,300,306,304,299,301,301,296,302,298,300,299,302,301,301,299,297,302,299,299,298,297,298,297,300,307,303,300,298,303,301,299,298,300,300,302,303,304,301,299,301,302,295,294,302,295,298,296,296,297,299,304,298,297,298,295,297,293,302,298,293,296,300,295,296,299,302,301,299,300,301,300,304,303,299,300,300,298,300,303,297,307,302,294,299,301,303,303,297,301,301,304,298,297,294,298,302,293,302,294,297,302,300,300,300,299,304,295,305,294,299,299,299,301,298,291,299,300,302,302,291,300,297,303,296,297,300,299,299,294,299,299,303,297,298,302,298,290,299,301,302,301,300,295,301,302,302,297,291,298,297,302,297,301,301,304,298,301,303,303,303,303,303,299,299,294,300,301,298,298,304,300,296,297,302,294,297,300,299,294,298,301,294,298,301,298,300,297,300,299,301,301,303,299,294,303,301,294,302,298,299,300,300,299,293,298,302,299,303,300,301,297,298,296,294,301,295,300,298,302,296,299,297,296,301,294,301,294,299,300,299,297,298,301,303,296,304,300,294,304,298,297,300,299,298,289,295,298,299,293,303,300,298,298,297,301,298,301,296,302,293,300,297,297,297,303,296,298,295,299,297,299,299,290,300,290,305,298,290,296,297,298,300,301,296,292,298,293,296,299,300,297,299,300,295,299,296,301,295,297,299,297,300,298,300,293,297,298,300,298,294,297,294,300,293,302,304,299,296,295,298,297,301,300,297,303,301,302,291,303,297,294,296,295,296,298,304,298,297,299,297,304,299,295,297,295,297,297,302
300,298,304,300,299,297,300,295,305,299,302,299,305,309,299,300,299,306,300,302,305,296,304,299,301,296,302,298,300,302,302,303,302,295,295,304,298,300,306,306,298,303,300,296,304,309,311,291,302,303,299,302,301,295,310,297,299,296,299,295,299,298,293,302,300,300,305,301,301,301,297,301,299,299,302,297,301,307,303,302,302,301,304,306,296,301,301,295,300,301,301,300,295,301,302,299,298,301,304,307,296,308,295,305,299,294,302,304,301,298,301,306,299,305,293,299,305,298,303,301,296,301,297,296,302,306,297,298,301,301,301,306,304,306,297,296,303,300,294,300,302,299,301,302,300,293,299,305,304,295,302,298,299,304,299,295,295,294,300,301,297,299,298,303,302,304,300,301,304,300,299,298,299,300,298,296,298,297,301,299,296,297,301,303,304,299,295,299,294,306,293,299,298,302,294,300,304,292,300,301,295,294,300,294,303,300,305,300,302,299,302,299,301,301,310,305,300,292,302,293,295,305,295,303,301,298,302,294,303,295,298,298,296,300,298,303,298,300,304,298,305,298,300,299,299,304,295,298,298,297,301,295,297,298,291,294,299,297,301,302,293,300,296,300,301,300,297,291,302,300,301,300,299,299,297,300,301,292,301,304,298,298,296,303,307,298,306,300,304,306,291,301,296,297,301,294,300,295,304,303,296,301,298,306,298,305,299,291,299,297,298,298,291,299,300,298,298,301,302,294,296,301,299,303,300,294,306,304,304,297,296,301,302,300,300,299,303,296,297,296,301,298,299,297,294,294,301,295,301,301,298,308,298,297,298,296,299,303,300,298,295,296,296,302,294,303,300,299,295,301,295,303,296,298,300,299,295,300,296,301,301,298,297,295,300,298,296,299,298,299,300,298,304,297,298,300,301,299,300,298,293,303,299,295,301,299,303,297,302,296,304,296,298,301,295,295,295,296,300,300,303,297,305,298,301,296,295,299,298,297,291,302,296,296,302,301,298,298,300,300,292,295,296,294,297,298,296,300,297,300,297,305,299,301,296,301,301,303,296,297,298,293,296,296,298,293,297,296,295,301,295,301,300,303,299,291,300,294,291,296,297,307,302,298,295,290,298,301,302,293,293,297,304,300,298,298,294,298,299,296,292,297,292,305,294,304,301,295,293,299,297,297
303,298,298,295,299,300,300,298,302,303,301,301,304,301,298,301,298,300,299,299,305,302,301,297,294,296,305,299,304,298,299,297,300,304,297,297,301,300,300,301,300,303,298,294,300,301,302,304,302,297,306,296,300,299,300,302,298,301,302,296,298,299,300,303,298,299,303,303,301,303,305,300,299,300,302,306,296,300,303,303,302,303,304,304,304,301,302,300,300,301,303,302,297,301,302,300,299,301,302,302,297,296,294,300,303,296,300,296,298,301,298,299,297,298,299,300,302,299,307,296,300,299,297,301,302,301,292,305,302,298,304,313,305,302,299,299,303,295,302,303,299,299,294,303,294,294,304,302,305,291,300,295,303,298,301,295,302,299,305,303,296,302,298,308,303,300,302,298,299,298,300,300,299,303,305,303,300,300,302,296,294,299,301,301,302,294,304,301,299,301,297,302,300,302,299,305,293,292,297,294,294,298,294,301,297,296,294,299,298,295,305,304,298,303,303,303,304,294,299,301,298,294,297,300,297,305,302,299,298,299,305,300,301,300,301,298,300,298,304,295,294,299,302,303,297,302,302,299,299,296,299,292,292,296,300,301,297,295,297,296,299,301,298,300,298,296,297,297,295,295,302,294,296,300,297,299,306,300,296,297,301,294,302,302,300,297,299,295,293,291,296,299,303,295,294,304,301,294,298,298,300,293,301,300,293,299,297,300,298,299,296,298,299,298,299,303,296,305,300,302,302,299,292,295,300,297,291,297,304,302,302,299,299,294,302,303,301,293,302,299,304,298,302,301,297,299,297,298,303,298,299,300,291,302,304,296,296,300,300,296,302,298,299,302,298,304,301,295,296,292,296,294,298,294,300,299,297,297,304,300,300,298,296,298,300,304,299,296,291,295,303,295,297,304,297,306,303,295,298,298,299,292,294,295,296,302,293,297,303,297,300,289,304,294,295,295,294,296,299,300,298,300,296,302,300,296,297,305,299,295,291,296,301,304,296,297,298,293,297,294,302,297,299,301,305,300,295,297,296,302,299,300,299,299,294,301,292,293,300,298,297,299,296,304,295,297,297,295,300,301,301,297,300,295,296,294,295,301,301,303,301,299,300,300,297,297,295,300,300,294,296,293,298,297,298,293,292,299,297,295,300,295,293,297,292,300,299,297,295,302,301,299
300,300,300,297,300,299,300,296,300,301,303,298,301,298,299,300,301,298,299,303,304,294,296,300,298,302,295,305,297,303,305,297,302,299,295,301,302,302,297,302,308,294,295,303,302,302,298,294,295,301,303,305,301,306,305,296,300,301,301,294,296,298,301,293,300,304,301,306,297,298,305,302,302,298,297,299,297,302,302,295,301,294,304,297,300,302,298,299,306,291,301,298,301,302,296,300,304,298,298,298,302,299,295,304,305,297,298,297,300,298,303,301,301,298,293,297,298,294,294,298,304,297,304,298,296,304,301,295,303,297,303,308,306,301,295,300,299,294,306,304,302,291,303,304,302,299,303,297,294,298,302,296,298,298,299,303,293,304,299,298,298,295,297,303,302,298,298,304,301,300,304,300,302,297,300,293,297,298,300,305,304,293,306,296,301,302,301,302,301,295,300,300,303,295,300,298,299,301,300,296,300,298,302,294,298,304,302,296,297,296,295,300,300,293,306,300,295,297,301,297,299,296,307,293,297,299,297,308,296,299,299,297,299,298,303,301,294,300,303,300,302,294,294,295,297,302,297,300,296,300,302,297,296,297,297,297,303,301,303,292,296,294,301,295,300,300,299,294,300,295,303,299,291,300,298,295,303,301,294,298,298,299,305,301,297,301,298,308,296,295,294,294,300,297,294,296,292,299,295,295,300,301,300,295,298,299,299,297,299,301,305,293,295,299,301,298,300,288,298,293,299,300,298,298,293,306,305,292,297,292,301,302,297,303,300,297,295,295,304,297,297,294,295,298,295,297,297,302,297,292,297,297,300,299,296,300,292,301,303,298,304,295,295,292,296,299,291,294,305,290,297,296,296,300,300,298,294,296,301,290,294,302,302,295,296,293,301,301,302,297,297,301,296,298,293,298,300,298,297,299,301,293,298,303,296,303,302,292,297,295,295,293,296,299,295,303,301,297,297,304,301,299,301,296,294,296,291,298,295,295,298,300,294,301,296,293,299,297,295,299,303,301,302,304,297,294,297,301,301,294,298,297,291,303,302,299,293,295,292,300,295,293,306,302,292,302,296,296,295,293,294,298,295,298,297,296,300,301,293,297,300,295,296,301,298,295,303,305,297,296,302,296,297,299,298,306,300,304,299,298,297,299,298,294,291,296,297,295,299,298,289,295
299,299,303,300,295,300,300,296,301,299,302,303,304,296,301,301,302,297,299,296,299,297,294,300,300,296,302,300,294,298,296,298,299,300,299,297,297,302,289,301,302,301,300,296,302,302,299,298,299,295,302,300,304,297,299,296,296,300,304,293,302,301,296,294,303,296,292,302,291,298,300,296,302,298,303,295,301,307,302,293,304,294,298,292,300,300,293,296,297,302,296,298,300,298,301,302,302,299,299,307,297,298,304,298,301,299,295,298,297,297,305,292,299,300,296,299,300,299,295,300,293,293,299,298,298,297,301,294,297,297,301,306,306,296,298,305,298,302,296,306,302,298,302,292,293,297,296,301,298,298,291,296,307,302,300,298,299,305,298,303,303,300,303,299,304,298,295,292,298,299,298,297,301,297,298,298,299,298,298,299,302,297,296,301,304,299,294,296,300,306,294,300,305,301,303,298,297,304,297,301,300,292,298,300,299,301,293,302,297,295,298,292,292,307,302,299,297,296,302,298,293,301,302,299,301,296,301,295,299,299,296,295,305,301,301,300,291,299,300,301,303,293,303,298,293,298,298,297,296,300,300,301,301,298,299,298,294,306,299,304,308,299,299,296,298,300,300,301,298,303,300,296,299,294,302,293,299,299,297,298,300,300,297,300,300,293,296,296,295,293,298,290,299,303,293,296,298,301,301,296,301,295,294,302,302,297,299,296,300,297,295,298,293,298,295,298,299,300,302,295,303,297,294,294,297,300,304,303,299,303,306,295,292,293,297,299,292,299,298,299,296,296,297,299,296,295,296,299,302,301,297,298,297,295,298,295,296,298,290,306,297,297,307,297,294,291,297,294,298,297,300,294,304,295,302,298,301,293,289,293,300,293,294,305,297,302,295,297,295,294,296,296,305,297,302,296,299,294,295,292,295,295,295,299,299,302,292,295,296,291,302,296,299,289,298,300,293,297,295,294,297,301,308,301,299,297,296,299,296,299,296,299,295,298,307,296,299,296,302,305,289,293,297,298,305,295,291,294,304,296,296,300,302,298,299,297,296,291,299,297,294,295,297,292,291,296,301,302,292,294,297,301,300,299,297,293,302,304,295,303,299,297,301,293,298,294,293,298,300,296,295,301,298,300,295,301,295,303,298,296,296,293,296,297,299,301,294,303,297,293,295,292
294,299,296,298,304,299,298,297,294,300,299,306,302,297,298,298,294,298,298,292,302,299,297,299,302,306,297,297,298,304,303,299,301,305,299,298,303,296,300,301,304,303,296,294,295,296,303,295,294,298,302,304,307,306,308,299,299,296,296,298,294,299,296,301,297,299,301,304,296,298,301,299,296,298,305,296,298,299,300,298,299,295,295,301,300,300,304,304,294,298,299,295,299,299,309,298,294,297,294,296,298,301,299,298,300,299,302,293,299,295,303,298,299,301,305,296,300,297,296,303,297,293,300,296,300,292,304,297,292,299,294,311,301,298,299,291,301,296,305,302,303,304,300,296,299,298,301,298,299,299,299,300,300,301,297,296,304,303,302,303,293,300,299,296,303,296,296,302,300,302,301,294,301,292,304,297,298,295,302,300,304,299,304,297,300,301,301,297,297,299,301,300,300,299,292,299,291,297,300,297,296,299,299,294,300,297,303,291,299,303,301,301,297,294,307,300,300,299,295,301,293,299,297,299,300,298,300,293,304,301,297,299,298,300,294,296,298,298,304,293,292,299,296,294,301,294,297,297,297,305,299,301,297,295,294,295,292,297,299,304,301,294,302,295,298,302,301,297,297,303,302,295,297,297,298,298,299,297,300,297,302,299,295,302,300,297,299,298,296,295,292,303,300,291,298,302,301,299,292,296,300,306,300,298,300,302,299,294,299,293,299,296,299,300,297,297,292,296,300,293,300,295,303,299,300,293,297,302,293,303,299,298,300,293,305,299,298,300,303,300,295,297,299,299,304,299,295,299,293,298,294,300,299,290,301,294,299,301,303,303,294,294,303,293,298,300,298,294,291,301,299,293,296,297,297,295,301,298,292,294,297,304,297,301,298,297,296,294,292,294,298,291,301,300,293,306,301,303,301,297,299,296,299,297,296,293,300,301,302,295,294,301,297,300,292,305,296,291,297,302,295,296,299,303,296,296,292,299,300,300,299,300,295,297,295,295,303,296,297,306,299,298,298,300,294,297,301,299,298,301,301,302,296,292,291,292,299,304,303,300,297,293,302,287,299,298,296,299,292,296,299,297,299,296,301,302,299,298,300,296,298,297,296,294,291,296,296,292,296,298,291,298,301,295,294,291,301,297,299,300,299,296,301,297,308,302,293,297,296,299,304,298
298,303,299,299,299,302,305,305,301,302,293,299,302,295,296,300,299,294,297,302,300,297,300,302,300,297,302,297,298,295,301,307,299,298,302,298,297,299,301,299,296,305,296,299,299,292,301,295,298,294,295,304,303,304,301,302,302,300,295,302,296,299,297,293,296,296,300,303,296,300,304,296,294,300,294,297,298,299,300,299,300,297,294,300,302,299,293,299,295,297,298,302,298,299,297,298,302,301,294,303,298,299,299,297,304,302,302,301,308,301,291,296,298,298,297,302,301,296,301,294,301,298,299,297,300,291,298,300,297,300,302,305,303,301,301,297,304,300,293,300,297,298,299,303,301,295,304,292,299,297,297,299,299,301,300,296,298,298,298,291,305,303,293,296,307,299,299,302,300,299,300,299,303,297,300,295,300,289,299,298,299,299,294,301,296,293,307,297,296,301,303,300,299,295,302,297,297,297,297,291,300,294,290,297,299,295,298,298,300,296,301,299,299,301,297,300,297,297,294,297,292,298,297,294,294,298,301,298,301,298,296,300,296,305,300,301,306,291,293,299,295,298,297,292,296,294,299,297,298,301,299,299,297,295,295,300,299,300,301,298,296,294,298,299,296,297,297,297,300,296,297,301,292,300,299,297,300,298,293,294,299,304,297,307,292,297,288,299,300,296,296,301,296,295,293,295,302,292,290,296,294,293,298,297,298,304,305,304,299,298,293,305,297,298,298,297,299,295,294,296,300,301,299,296,299,295,296,299,300,301,294,293,290,306,293,295,304,302,296,301,301,298,295,298,305,300,303,297,294,294,296,296,305,299,299,286,301,299,295,293,294,295,304,298,298,297,295,293,298,304,294,299,293,295,297,298,294,295,298,302,293,297,301,292,296,288,297,297,296,295,301,302,296,298,293,299,300,302,291,295,298,303,293,301,297,295,295,297,301,298,297,298,303,296,298,299,295,297,299,292,293,301,301,307,302,299,302,289,296,294,294,296,293,301,296,296,303,299,296,302,291,298,297,299,299,299,298,297,295,298,300,300,300,299,300,296,297,292,300,298,304,300,292,300,297,291,300,295,301,293,297,299,287,295,301,294,299,295,299,294,289,298,297,297,296,298,297,294,296,295,298,301,295,298,297,299,300,293,291,290,292,296,303,302,295,298,298,300,300,297,301,300
305,303,296,307,302,300,303,297,300,302,305,307,298,298,303,296,304,299,299,303,295,297,301,305,298,296,300,295,299,300,303,295,302,305,294,293,299,295,299,302,301,297,294,297,298,296,299,298,300,302,295,297,307,302,301,299,300,300,296,297,305,300,302,301,294,300,296,298,295,299,301,300,298,293,299,300,294,301,300,298,298,294,299,302,302,306,300,302,301,297,296,298,297,299,302,294,298,294,303,296,293,297,293,295,301,299,300,297,303,302,300,302,300,298,297,303,292,294,308,291,296,297,296,297,299,300,295,300,298,301,302,307,301,300,302,300,300,298,294,298,305,296,299,294,294,305,296,296,298,297,310,299,297,298,299,300,302,300,293,300,295,296,301,298,299,304,299,295,303,298,297,297,299,296,297,304,295,300,297,298,298,297,297,294,297,296,300,295,296,296,298,302,296,300,297,298,295,303,303,296,303,292,297,299,296,295,302,296,296,297,298,296,299,299,297,300,296,298,297,298,301,301,296,301,300,300,304,295,307,300,299,304,303,302,295,300,297,299,301,296,299,298,299,296,301,296,303,294,306,294,298,298,301,304,302,301,301,301,302,300,293,298,295,296,301,296,298,292,301,301,295,299,296,301,303,298,295,296,295,301,293,293,300,294,297,296,296,298,296,299,298,296,296,296,301,297,297,300,297,298,303,297,294,293,302,297,298,300,298,300,295,301,299,302,302,303,298,296,295,302,301,294,295,294,296,297,302,300,292,296,295,293,294,290,297,299,301,298,302,295,299,296,294,296,293,290,297,295,300,296,299,296,298,301,298,298,294,297,290,295,301,300,293,293,296,299,299,298,303,300,299,301,298,303,295,299,297,292,300,298,293,296,293,300,295,294,301,295,299,303,300,300,299,294,296,307,299,292,301,301,299,301,295,300,301,290,296,293,296,298,292,297,297,306,301,299,297,295,301,296,295,295,299,301,298,301,296,298,302,296,301,293,299,297,294,295,299,299,298,294,294,294,297,293,301,291,299,299,289,296,294,295,304,297,297,296,301,296,297,291,296,292,292,298,297,291,298,296,300,299,302,299,295,293,295,298,292,295,301,295,297,302,295,299,300,302,291,294,301,299,298,293,296,299,301,298,295,294,296,301,294,300,303,299,294,296,299,298,299,299,298,295
298,297,294,302,306,305,299,298,298,299,298,301,298,299,300,301,300,302,298,295,297,293,297,300,295,296,289,290,297,304,299,298,291,299,292,300,301,298,300,300,301,293,290,297,295,301,296,297,298,293,299,293,303,300,303,305,299,298,296,295,301,299,296,299,303,296,295,298,298,295,295,298,298,298,294,303,302,299,297,297,298,294,299,298,299,302,301,297,296,299,299,300,302,298,298,302,295,302,294,297,296,301,296,304,294,299,296,292,301,295,298,295,299,302,294,301,295,295,304,302,298,299,294,297,300,301,298,301,293,301,297,299,311,292,300,295,294,298,295,299,297,304,306,300,298,300,295,302,294,297,294,301,298,293,292,302,292,295,303,300,302,299,297,300,297,298,295,296,291,303,301,301,298,295,298,298,307,295,299,298,294,301,299,298,293,303,298,302,295,297,295,297,296,303,296,296,295,295,296,298,306,302,298,295,298,298,292,298,297,297,294,295,297,301,299,298,298,297,301,298,301,295,300,295,302,294,298,297,296,298,298,299,294,293,306,298,297,303,307,295,294,303,296,297,296,300,298,299,293,296,300,298,292,303,297,296,296,300,299,296,300,296,297,301,294,298,292,294,298,298,300,297,294,297,295,302,300,302,299,291,296,294,299,298,300,299,293,302,300,296,298,299,297,299,297,298,292,294,300,293,296,296,300,295,289,295,297,297,298,296,298,296,300,297,295,300,298,299,289,297,301,294,296,294,299,296,292,291,304,302,305,299,293,294,295,301,295,292,293,299,296,294,302,292,294,299,296,297,297,295,300,296,299,298,298,296,293,298,299,307,299,295,293,303,292,298,297,284,299,293,296,299,293,300,291,294,304,300,296,300,300,295,296,296,294,297,297,296,296,290,295,305,293,294,299,299,298,298,303,298,290,293,296,297,294,297,291,298,298,299,294,298,295,295,296,298,291,294,303,298,297,298,298,299,301,300,299,300,303,298,294,296,302,296,296,297,301,300,296,294,303,293,296,296,291,302,301,291,300,294,293,294,297,299,296,296,298,297,298,288,300,296,294,296,298,298,296,297,296,299,302,299,302,298,298,299,304,298,295,302,302,293,298,296,295,297,292,298,295,288,303,299,296,295,293,299,297,298,295,298,302,293,299,297,296,301,296,289,298,297,299,299
292,297,308,300,301,299,290,295,295,300,305,300,297,302,298,296,303,307,297,299,303,294,295,301,301,299,297,298,298,302,297,301,304,293,298,299,301,294,294,297,297,295,300,293,299,300,297,305,303,294,305,300,301,299,301,293,294,303,290,299,294,291,294,296,289,297,300,296,298,298,299,301,295,298,298,304,298,302,298,298,294,298,301,300,298,299,302,298,298,305,301,303,304,294,296,305,295,296,299,298,293,295,304,292,297,299,300,299,305,298,295,297,298,299,295,295,298,299,301,298,294,298,294,299,301,296,299,301,295,302,294,302,307,300,298,304,289,303,301,296,300,300,299,302,295,301,299,301,296,301,298,297,301,293,303,299,298,298,297,293,303,302,304,298,300,295,303,294,299,297,295,296,296,297,297,299,296,301,293,302,293,295,300,293,297,298,299,296,295,299,296,300,299,292,298,293,299,298,299,297,302,297,291,294,300,296,300,300,292,293,296,297,294,296,305,302,298,301,284,296,294,296,299,296,295,298,298,299,299,298,293,295,303,299,298,299,302,301,295,299,298,291,299,299,297,295,300,305,296,298,296,295,294,294,301,293,299,298,298,298,298,295,300,297,295,297,297,297,295,294,299,297,295,293,298,295,294,292,293,299,301,298,302,290,292,297,294,301,301,289,298,295,297,298,297,297,291,298,294,291,292,297,305,292,296,294,298,296,297,298,296,295,296,294,300,303,293,295,297,297,299,293,304,300,297,299,289,295,296,296,297,298,306,298,297,294,300,293,302,295,298,295,293,298,297,296,295,296,300,295,298,296,300,298,300,292,293,296,299,296,296,295,297,295,303,298,301,299,289,292,294,300,300,294,294,291,302,298,293,300,298,291,291,297,302,300,299,301,291,298,302,297,299,295,294,296,295,296,291,300,297,298,297,291,299,295,298,305,295,294,294,298,297,297,302,292,297,300,298,291,302,293,293,299,294,300,294,301,296,299,295,304,295,296,301,299,295,303,296,303,292,286,300,296,300,298,296,299,294,302,294,292,296,297,300,299,298,289,299,298,300,302,303,301,301,294,296,295,295,296,298,294,296,300,291,299,291,297,293,294,296,302,294,295,296,295,291,297,299,297,296,298,297,297,297,298,295,294,302,300,297,295,296,303,292,299,299,298,288,300,293,293
299,301,290,297,300,297,294,299,296,300,298,294,302,302,296,291,301,302,301,303,294,300,300,297,302,300,306,299,295,296,296,295,301,292,305,295,298,290,297,304,292,298,301,303,298,300,300,303,290,303,295,298,303,295,299,302,301,295,298,305,295,293,305,297,300,299,300,296,294,295,294,297,301,302,308,300,300,301,305,297,295,297,300,292,298,295,299,301,295,300,305,300,297,295,301,300,296,302,286,302,299,294,296,295,291,300,300,298,296,293,297,303,297,289,301,298,295,299,299,298,290,299,296,296,297,297,295,298,304,298,300,306,307,295,293,292,297,295,297,298,301,300,294,298,297,299,300,296,301,299,298,300,297,303,299,294,293,297,298,304,297,295,299,299,307,300,298,305,296,300,296,303,301,295,302,296,301,304,293,299,298,299,300,302,303,296,298,298,298,295,297,302,295,296,301,295,288,294,300,300,297,292,289,291,301,294,295,297,299,298,301,298,296,299,305,305,297,295,298,295,293,299,293,291,297,297,301,295,294,301,290,302,298,294,296,299,305,296,295,303,292,300,298,305,300,295,298,297,296,301,299,305,300,298,298,293,304,304,294,299,304,298,293,294,297,300,294,302,296,301,303,294,294,294,297,297,299,300,295,300,291,298,299,298,298,297,295,299,295,299,294,298,291,297,298,299,299,299,298,300,299,298,295,295,297,295,301,294,293,299,292,299,294,296,298,295,299,295,290,296,295,302,303,293,295,295,302,297,294,293,301,296,297,294,299,289,298,298,299,297,296,293,301,295,300,298,300,294,295,297,299,293,298,295,293,299,295,293,291,299,295,297,287,293,299,294,302,303,298,293,295,298,292,297,297,300,298,298,300,304,295,293,296,297,304,299,296,298,305,300,303,294,303,296,303,298,297,298,290,302,302,291,292,294,299,292,295,294,298,301,296,296,303,300,294,297,301,294,291,303,298,298,299,298,306,297,300,302,296,298,294,300,299,293,296,299,293,298,296,299,298,295,298,302,289,296,303,299,295,295,297,298,295,291,294,299,298,296,294,300,299,297,292,296,297,301,295,298,295,295,296,294,300,293,302,298,294,297,297,296,299,300,303,300,296,296,296,298,293,294,295,298,296,290,298,300,292,294,297,293,296,300,296,301,295,293,293,296,293,296,297,295
296,299,299,292,292,298,297,298,302,295,293,294,303,297,299,297,303,299,295,298,301,300,294,293,300,296,305,293,298,297,299,294,300,298,293,297,301,295,301,294,299,302,290,299,296,296,300,299,297,296,300,298,294,299,302,302,303,301,299,295,304,298,295,298,299,299,297,301,297,298,300,296,295,297,297,298,295,299,299,300,294,299,296,294,296,297,299,302,297,300,299,297,296,301,298,302,303,300,296,299,298,301,294,304,297,295,298,292,302,296,295,300,300,293,301,299,299,295,298,298,296,297,291,300,299,298,293,301,301,292,303,309,304,300,293,295,303,301,296,298,297,298,298,299,296,295,295,297,298,295,296,295,298,300,296,297,299,295,293,301,294,301,290,292,298,292,300,302,298,301,297,300,297,300,296,303,291,297,296,297,296,300,294,300,298,292,297,294,298,303,299,301,297,305,296,295,302,297,299,298,294,296,295,298,299,294,301,299,296,293,307,296,298,300,302,298,297,297,297,297,301,296,296,293,296,299,295,298,295,299,299,295,304,305,299,298,300,297,305,290,287,296,291,299,296,294,291,295,300,299,292,294,294,295,295,299,295,297,297,300,298,293,300,296,292,294,304,290,300,290,296,295,303,306,295,295,293,301,297,291,299,296,297,302,294,300,305,294,299,300,294,302,298,296,305,301,300,298,303,303,294,299,292,295,297,294,300,298,296,298,294,295,296,304,295,297,298,297,301,305,301,299,298,297,299,294,300,297,296,299,300,297,296,296,297,295,300,300,301,301,296,304,295,299,295,299,299,296,293,299,292,296,292,296,300,297,303,297,297,299,298,303,293,294,290,298,296,300,302,295,295,296,292,297,296,297,299,299,304,294,297,294,297,294,297,295,297,299,295,295,295,294,288,294,293,298,299,296,300,299,294,298,291,302,300,296,299,294,300,293,298,294,297,297,299,296,296,297,295,299,298,304,300,304,300,296,296,295,295,297,289,294,298,297,302,294,299,297,294,298,296,301,296,298,294,297,302,299,299,299,295,298,296,298,290,289,297,298,294,292,299,294,297,292,295,300,298,305,292,294,304,293,300,298,295,295,297,301,301,298,299,298,292,294,295,302,299,301,301,299,297,298,296,301,297,294,294,294,295,301,296,293,297,297,299,298,297,294,298,293,303,298
297,293,298,302,297,300,301,297,299,301,297,298,299,302,299,303,296,295,297,297,294,298,302,295,302,300,294,301,300,301,298,292,297,297,293,297,296,300,300,301,294,296,297,298,291,300,298,294,295,300,303,291,297,300,300,288,294,293,298,305,299,306,292,297,302,302,299,300,300,295,299,301,291,300,302,291,297,297,299,301,298,294,293,294,291,297,293,291,302,298,298,297,300,296,301,298,298,292,297,299,301,298,294,295,288,293,296,297,296,296,302,293,300,300,296,295,299,294,292,298,298,295,294,296,296,295,298,296,300,294,301,306,300,289,298,295,298,297,295,300,290,299,294,301,296,300,294,300,303,295,301,296,297,303,299,301,297,295,293,302,297,292,296,296,301,294,291,287,301,296,299,297,296,294,302,302,292,298,294,300,300,299,298,302,291,301,292,293,307,292,295,297,289,302,295,294,298,297,294,303,296,296,294,301,298,297,294,298,293,295,299,297,295,304,303,305,296,297,301,298,298,292,295,295,293,297,300,295,292,292,298,299,297,300,297,294,289,303,300,295,295,296,293,295,296,294,296,297,301,294,293,301,298,304,298,295,297,298,302,295,302,296,296,294,300,300,300,302,295,298,296,302,301,294,292,292,297,295,299,294,301,303,292,301,293,293,296,293,300,295,295,300,298,296,297,296,293,297,294,298,294,298,293,303,298,302,301,291,298,301,289,288,300,300,294,300,293,297,299,299,294,293,291,300,300,301,296,299,297,296,299,295,295,298,295,299,299,300,299,289,293,292,297,295,299,298,300,292,296,299,298,297,293,300,299,299,295,296,297,300,301,297,300,298,300,296,296,298,297,298,295,290,302,295,298,295,297,291,294,295,292,299,297,296,294,295,293,294,300,288,297,300,287,294,300,299,300,293,298,295,300,295,294,299,295,297,291,297,298,294,300,297,296,301,296,296,302,299,299,302,295,293,296,298,300,298,294,293,295,299,294,296,291,293,292,289,296,292,296,293,296,305,302,295,295,294,294,294,295,302,298,300,299,298,297,293,300,298,292,294,297,298,298,296,294,300,300,294,300,293,300,303,300,293,293,291,297,296,299,296,303,300,299,293,295,292,290,292,298,293,298,302,294,301,297,300,298,294,296,299,299,295,293,296,298,296,298,295,296,296,298,295
299,298,298,295,299,299,300,297,299,300,297,298,295,302,300,298,294,303,301,299,298,297,296,297,299,300,296,298,298,299,302,295,294,301,294,295,301,298,303,297,302,295,296,297,292,297,299,299,299,304,300,294,300,302,301,296,297,297,294,297,297,295,297,300,296,305,297,304,298,295,298,295,297,296,296,296,300,296,304,288,294,298,301,298,295,303,295,297,300,294,299,302,294,296,297,297,300,305,298,300,295,296,294,295,295,307,299,292,289,298,300,291,299,307,294,303,293,296,297,298,300,297,297,300,294,295,299,298,298,293,295,307,304,300,302,295,296,296,290,295,291,296,292,295,299,297,298,299,301,299,296,295,303,300,299,299,294,304,298,296,297,300,297,295,297,299,304,292,294,293,302,301,303,302,297,304,297,298,296,297,304,297,295,296,290,300,298,303,294,293,300,294,293,297,296,293,298,293,296,293,289,293,296,301,298,301,298,292,297,297,297,298,297,297,303,294,296,292,295,298,299,295,300,291,293,293,298,300,298,297,302,292,296,300,296,296,291,297,300,294,293,291,300,296,298,293,299,302,293,293,298,293,294,297,298,292,296,295,297,292,292,294,299,296,293,302,296,297,295,292,300,296,297,292,299,295,295,297,300,297,294,295,301,299,298,297,291,293,302,297,299,297,301,300,296,290,292,294,295,297,291,299,303,301,294,299,293,296,298,299,294,296,300,298,300,296,291,299,298,296,295,293,293,302,295,297,292,302,299,293,303,294,294,295,290,305,301,298,297,292,293,300,292,296,293,296,293,298,299,297,297,294,293,295,300,296,296,298,299,301,305,294,303,294,294,304,296,294,290,294,293,300,306,299,300,301,302,297,296,296,295,294,300,296,296,299,295,295,301,301,298,292,294,298,289,299,294,295,295,302,296,295,301,289,304,299,291,295,300,298,297,296,295,296,304,295,302,293,297,291,301,298,294,292,301,299,297,300,295,294,296,299,297,290,289,294,301,298,298,295,304,293,295,299,295,300,300,296,299,294,295,299,293,293,294,296,294,290,299,297,298,301,291,301,297,298,298,301,301,300,295,303,298,298,292,293,293,296,294,302,301,298,290,298,291,298,291,296,299,291,293,297,297,293,298,296,291,301,294,293,299,296,299,297,298,299,298,291,298,295,303,290
305,295,302,300,296,293,293,302,298,294,301,300,296,293,298,301,298,298,298,296,301,293,302,294,302,297,294,304,294,291,304,295,299,297,299,296,298,298,295,297,299,292,303,295,304,291,293,299,298,301,292,295,293,300,297,308,296,295,295,299,298,301,295,306,298,295,293,295,303,299,290,295,294,297,298,292,296,302,296,295,296,303,292,293,301,300,294,298,295,295,297,293,297,296,295,294,297,302,296,293,301,296,297,298,298,298,297,299,300,298,298,291,298,294,296,295,301,305,297,295,301,293,294,300,292,295,296,304,295,289,300,301,300,297,297,297,300,297,303,295,291,296,297,297,292,293,300,298,293,301,299,292,300,293,301,296,303,305,295,297,296,301,300,302,301,298,299,306,295,300,298,292,300,296,298,302,298,298,298,298,301,295,300,298,297,294,295,296,293,297,298,291,292,296,297,298,301,297,302,297,296,294,300,297,299,297,294,295,295,300,298,290,295,295,299,296,291,302,293,299,294,297,299,293,289,299,294,300,299,296,298,295,300,301,291,295,301,298,298,297,291,294,298,293,298,298,295,302,304,294,300,298,296,299,300,295,293,300,297,296,296,296,297,298,296,298,293,298,300,297,294,299,299,293,292,300,292,299,298,301,294,293,301,295,299,297,294,295,297,303,306,296,299,293,291,299,298,295,299,298,296,298,299,298,291,296,296,299,299,293,296,299,293,301,293,299,292,303,297,297,297,293,296,298,297,299,288,295,303,292,302,294,298,300,300,292,295,292,288,303,299,295,298,291,299,292,294,293,293,296,292,295,296,298,294,296,300,296,294,294,298,296,297,297,295,290,295,299,300,298,293,301,292,294,292,295,296,296,298,296,295,297,295,298,295,296,294,296,296,296,297,295,297,298,291,301,297,288,300,296,299,297,296,296,296,293,296,296,301,296,291,293,295,301,297,293,295,290,300,302,297,294,296,289,301,298,299,295,287,302,297,299,302,296,292,291,295,302,300,290,297,295,302,294,300,292,296,291,302,299,295,299,295,294,295,297,297,297,300,301,301,296,292,294,298,295,295,298,297,293,291,291,299,294,298,295,292,297,291,301,298,297,297,298,290,298,293,292,296,298,296,296,293,290,300,291,300,295,298,290,299,287,298,287,301,296,299,297,297,294,300,295
304,303,293,297,302,304,296,299,297,295,297,296,303,299,296,295,295,297,301,299,298,302,295,296,300,295,297,292,296,301,297,301,298,298,299,298,298,298,298,292,293,292,294,296,293,294,305,294,298,301,297,294,300,297,294,298,295,300,290,300,302,298,294,295,300,300,295,293,291,295,292,303,293,295,297,302,290,301,301,301,297,290,298,293,295,293,298,294,293,297,294,301,295,289,298,295,297,301,296,303,295,296,295,300,302,295,295,301,301,299,293,295,298,294,294,298,294,294,296,299,296,295,305,297,297,296,296,300,300,293,296,302,302,295,294,296,293,289,298,298,300,302,297,291,298,295,300,293,292,293,295,305,301,295,297,302,297,296,293,295,304,300,303,296,301,292,295,298,290,306,296,303,302,295,307,296,294,305,298,299,296,299,295,298,299,296,296,292,298,299,303,297,294,300,300,298,290,293,291,294,297,296,293,291,300,288,297,295,295,292,290,297,292,297,297,298,300,297,297,297,293,293,296,295,305,290,294,298,299,298,300,295,297,295,295,292,296,293,296,296,296,294,293,297,300,301,300,293,298,299,294,305,299,292,297,294,293,293,294,293,299,303,297,292,298,296,296,298,295,297,297,296,293,299,299,291,296,292,296,297,298,294,294,298,300,295,293,297,298,302,296,295,298,295,304,292,300,295,294,294,294,292,300,292,295,297,296,299,295,298,290,297,300,293,297,294,301,298,290,294,297,292,288,293,297,299,298,297,296,299,300,300,295,291,300,298,294,303,298,297,294,295,298,296,298,294,297,300,291,298,302,297,292,295,294,297,297,297,300,295,295,300,293,290,295,291,290,298,305,294,300,294,296,296,296,298,295,295,293,299,299,295,297,294,295,302,289,292,294,296,293,302,297,296,298,287,294,302,294,295,290,294,293,294,300,298,298,296,301,295,296,298,296,297,299,298,301,296,298,300,292,292,298,295,297,295,298,293,297,293,290,303,299,294,292,303,297,296,301,301,300,292,298,292,296,291,297,293,297,297,294,297,290,299,295,301,295,294,292,299,291,291,298,299,298,290,298,296,293,301,295,295,294,298,296,295,298,292,295,302,290,304,297,297,299,292,292,301,291,298,293,298,297,294,301,293,294,294,304,296,296,299,301,301,293,296,305,293,295,296,298,300
291,290,298,294,298,293,299,297,304,298,300,300,298,296,301,298,296,298,296,302,293,302,295,294,299,296,297,298,288,295,291,302,302,295,299,294,296,300,304,293,293,299,295,294,299,291,293,299,302,299,301,303,296,298,298,288,296,301,293,293,297,296,301,297,302,298,297,294,294,294,296,296,296,296,301,299,301,301,301,297,298,302,296,298,300,302,299,298,298,298,293,296,298,300,292,295,302,298,297,295,297,298,299,294,301,293,297,294,303,295,290,298,295,293,296,299,297,295,300,296,296,297,296,294,297,293,300,297,301,297,297,300,301,295,302,295,297,298,294,294,297,299,296,297,294,300,297,301,308,292,291,299,299,296,303,295,300,302,298,301,297,299,294,298,299,295,296,296,299,299,301,298,300,295,292,292,296,292,300,296,289,298,293,300,296,299,294,294,301,295,301,298,294,292,296,296,303,297,292,296,294,295,294,295,295,293,297,295,299,295,298,297,294,298,305,288,301,294,291,293,295,291,291,292,300,296,300,296,293,291,299,297,296,304,295,295,298,293,296,299,301,302,299,296,294,293,300,296,297,298,295,295,298,296,295,297,297,295,296,294,302,294,293,302,297,296,300,299,296,295,297,300,295,295,298,296,295,296,295,296,296,299,294,295,298,291,301,293,299,294,296,300,297,295,299,293,302,291,295,300,296,295,295,296,303,296,299,293,296,298,294,291,301,297,295,292,296,296,295,300,293,291,294,298,302,296,300,294,296,299,297,295,293,299,296,288,296,302,301,295,294,299,293,299,296,291,296,298,297,301,292,298,300,297,295,295,291,291,296,297,293,297,298,291,298,297,299,295,295,298,296,294,293,295,293,296,298,297,291,297,300,297,299,300,299,289,293,299,298,295,298,297,296,300,302,301,301,291,295,291,295,304,298,301,293,296,296,295,297,296,296,295,295,297,299,294,299,294,298,296,300,300,302,299,300,296,297,298,300,297,289,290,297,288,297,293,295,293,297,297,296,298,303,292,299,292,299,297,290,299,295,296,296,294,300,296,295,296,292,300,295,303,300,291,295,287,301,295,298,296,292,297,296,300,295,297,294,297,295,295,295,294,295,301,294,298,295,295,300,294,293,300,291,294,299,292,298,290,293,299,296,296,295,299,298,296,301,294,296,298,291,299
298,301,295,295,298,294,294,295,302,299,300,299,294,297,296,296,299,296,299,301,302,295,293,301,302,298,296,296,296,303,296,294,296,299,292,302,300,297,293,299,298,297,294,299,297,298,297,298,302,289,298,296,300,296,294,298,290,299,294,286,301,298,298,294,298,294,296,296,296,296,299,296,301,301,298,300,299,298,301,295,297,292,293,296,295,294,302,292,295,298,297,299,297,299,297,294,303,297,297,293,294,300,299,296,289,292,298,298,295,299,299,303,290,301,301,305,299,299,300,296,296,296,294,295,300,295,291,290,298,297,301,297,294,296,295,299,295,294,299,294,298,300,294,295,295,296,299,296,297,300,294,297,296,296,295,295,300,297,299,297,302,295,295,297,299,299,300,296,297,292,300,291,301,303,294,296,289,290,299,291,295,294,293,292,293,297,291,296,295,297,297,300,293,295,294,301,296,292,295,293,297,298,289,293,299,300,297,292,296,297,296,301,299,303,304,290,294,298,285,294,298,294,293,297,303,300,294,291,296,300,298,297,303,296,291,298,297,294,295,298,297,295,292,302,296,300,297,291,296,295,297,300,296,298,299,292,297,298,295,293,299,293,292,295,300,296,294,294,302,293,292,291,296,302,293,299,295,296,299,297,293,294,296,299,299,296,296,293,293,294,297,298,295,300,298,296,296,294,292,295,300,298,299,298,292,292,303,295,298,296,296,301,294,298,295,295,294,296,300,299,292,290,298,295,296,301,291,293,304,298,294,296,299,297,291,296,290,296,298,294,299,298,293,291,298,292,301,294,304,298,300,294,294,293,296,293,292,295,296,299,302,298,296,296,293,288,301,292,299,299,291,295,294,297,295,301,288,297,302,294,298,298,300,297,297,294,299,293,292,292,296,294,298,294,295,300,294,296,299,290,296,297,292,300,302,294,297,291,296,298,299,296,296,295,298,294,292,299,296,294,293,299,300,291,297,297,300,295,300,297,291,299,300,297,302,293,289,295,301,294,302,298,293,301,291,294,295,291,295,293,298,296,302,299,294,298,294,293,297,296,296,295,294,295,299,292,298,287,291,300,296,300,295,292,296,294,295,298,297,300,298,301,297,300,298,297,300,292,298,298,298,300,292,296,290,295,293,287,301,293,294,292,300,298,297,292,294,296,302,293,304,295
300,294,293,290,294,301,296,299,298,295,301,294,299,299,298,299,294,295,299,296,295,302,290,302,292,300,291,298,297,296,295,297,292,296,295,295,297,296,296,297,295,294,295,298,304,299,295,300,295,295,295,297,299,297,293,300,293,296,295,295,293,299,297,293,294,302,298,292,296,293,292,296,294,298,294,298,295,297,305,289,295,297,296,300,292,294,300,293,291,293,295,294,293,298,306,300,299,298,290,293,297,294,298,298,291,299,291,303,301,298,297,295,295,292,297,294,295,294,298,292,295,292,298,291,292,294,298,295,302,293,304,307,300,305,295,294,297,296,298,296,296,298,300,302,295,298,297,293,296,301,295,297,301,301,295,293,298,290,296,293,294,296,300,300,300,293,297,292,298,294,302,301,297,299,294,295,300,300,287,298,301,296,296,296,296,296,299,299,295,298,296,295,305,297,290,300,290,291,292,296,298,292,296,297,296,297,298,293,296,294,300,298,302,293,304,298,298,299,297,301,296,300,300,298,292,297,295,299,303,297,292,293,303,294,296,292,292,296,296,298,293,290,295,295,296,301,298,294,298,296,301,300,295,299,299,296,301,292,298,295,290,296,302,293,293,305,300,298,297,290,300,294,294,292,298,299,300,300,295,297,297,299,293,293,298,296,297,296,293,298,298,293,300,299,298,294,297,299,296,299,296,295,295,297,291,294,294,292,300,300,297,298,295,296,296,298,299,292,300,295,299,297,296,294,291,300,300,296,303,297,298,292,302,297,295,296,294,300,292,291,296,290,294,294,293,291,294,297,300,298,291,296,292,301,295,296,295,298,297,301,296,294,296,294,299,298,291,290,301,297,295,289,298,296,293,300,297,299,292,290,301,295,298,294,297,301,298,295,291,297,293,293,297,297,286,300,294,303,295,301,294,297,300,289,290,298,296,296,302,299,297,294,296,299,292,305,301,298,297,294,293,295,291,294,296,295,292,296,291,295,299,293,295,290,301,291,291,295,296,289,295,295,293,298,290,298,302,297,299,297,296,305,293,299,293,300,298,304,299,293,298,301,292,300,292,298,296,292,291,295,297,293,293,294,298,297,294,299,303,298,297,297,296,295,301,289,292,297,294,297,292,296,295,296,293,301,294,297,295,297,293,294,301,292,293,295,296,291,301,293,295,297
300,296,300,298,288,302,295,301,295,297,299,297,293,294,297,296,297,294,294,295,293,295,301,297,302,296,294,293,294,299,297,294,298,293,299,295,300,298,296,301,300,299,299,297,294,292,301,297,295,294,297,293,297,294,296,292,295,301,299,293,294,294,296,296,298,299,297,297,294,291,296,293,293,292,300,295,298,295,297,298,300,295,287,294,296,298,292,297,296,299,289,291,296,293,296,298,300,297,292,299,301,298,298,295,295,295,296,295,298,291,293,290,300,291,296,294,296,302,294,299,300,295,302,293,294,294,301,296,294,292,296,298,303,291,298,298,293,297,291,295,297,297,297,293,293,295,299,300,292,303,295,298,297,300,294,297,293,296,298,303,296,295,293,298,300,293,292,292,295,292,300,294,294,301,300,294,295,297,301,291,298,296,301,300,296,297,297,297,292,299,294,298,295,292,295,300,296,292,298,296,300,299,292,298,297,295,298,303,298,293,295,290,299,297,304,298,297,295,296,296,296,298,297,295,297,295,294,297,297,297,300,294,293,290,296,295,297,292,293,298,292,295,305,287,296,300,296,292,297,292,288,295,301,298,296,300,293,297,298,299,300,297,295,294,298,294,294,292,300,299,300,296,297,293,297,296,295,296,298,297,296,296,300,295,294,296,295,293,297,299,296,295,300,300,301,295,293,303,298,293,294,296,300,297,298,299,297,294,296,293,298,304,299,294,292,293,294,297,298,294,294,291,296,297,299,298,293,298,296,291,294,292,303,295,303,300,292,296,302,297,300,299,295,294,303,290,297,298,298,298,302,304,302,301,295,298,295,294,306,297,299,294,297,292,296,293,293,300,296,294,296,297,304,301,295,305,298,293,295,300,301,300,299,300,293,299,304,295,304,290,297,298,300,299,292,295,297,300,289,298,293,297,291,294,300,299,294,297,297,295,298,296,303,295,291,298,291,298,296,292,291,297,298,297,298,297,295,295,298,293,298,291,298,294,296,293,291,302,296,297,291,293,300,297,287,287,299,299,299,291,293,293,293,291,295,293,296,293,296,297,299,293,300,294,299,294,296,296,297,297,298,301,288,295,295,303,295,302,293,295,295,292,301,301,291,295,294,296,294,292,299,292,296,296,295,296,294,297,294,302,296,296,302,289,292,295,292,297,293,294,295,283
295,295,295,294,293,295,296,298,293,298,299,300,293,289,295,294,292,297,296,298,295,300,300,299,296,293,301,293,293,296,291,298,295,299,292,293,298,295,298,301,299,297,289,297,302,295,299,300,298,299,298,296,299,297,293,294,303,295,299,295,298,295,290,291,299,293,303,295,289,292,295,295,293,295,299,293,301,296,299,296,295,292,295,291,295,297,297,296,292,297,297,290,295,300,294,296,297,301,293,305,296,300,298,293,297,294,297,294,294,295,290,299,296,295,290,293,294,297,304,299,295,297,296,299,296,299,300,289,298,291,301,302,297,291,298,295,291,296,298,298,298,298,295,297,296,292,293,299,298,297,294,293,295,292,288,294,298,298,291,300,299,299,292,296,296,294,293,293,299,293,294,296,302,288,296,297,293,296,292,295,296,296,299,294,290,296,297,288,299,295,299,294,293,295,296,298,293,294,297,296,293,300,298,293,295,300,291,297,294,294,288,293,298,296,302,300,296,291,296,301,290,297,300,291,298,291,298,297,296,290,297,299,298,295,299,303,296,296,291,298,299,292,293,292,294,298,296,293,292,303,292,296,299,293,296,297,296,296,293,305,295,295,297,299,293,300,296,297,297,295,296,291,304,287,296,295,293,295,293,296,294,299,293,294,295,298,298,298,295,296,298,293,295,291,300,298,292,295,295,299,299,291,301,300,302,295,296,294,302,296,294,299,296,301,297,294,295,294,296,295,290,300,292,289,299,294,296,301,296,292,296,296,296,299,299,294,292,296,299,301,295,297,301,300,298,297,296,291,295,296,295,297,295,291,300,299,297,292,297,293,298,298,298,294,291,292,294,294,300,295,295,291,292,298,292,300,297,293,297,295,299,300,292,299,303,285,296,290,288,300,298,298,299,293,291,294,295,297,296,298,294,295,299,294,298,298,295,291,299,299,296,299,297,295,295,293,292,296,296,300,294,297,295,301,292,295,295,296,299,300,304,293,298,298,298,297,294,293,294,297,296,295,300,295,305,292,301,293,294,294,299,297,297,296,297,297,294,301,293,290,292,298,293,300,299,296,297,293,301,296,296,293,306,296,296,289,294,298,292,302,300,293,297,296,295,290,298,292,295,298,296,298,298,298,292,298,293,288,294,295,300,296,294,295,295,292,300,297,292,302,297,292
302,296,291,296,297,296,294,300,295,296,298,298,293,301,294,297,298,295,290,295,290,300,299,294,294,292,300,294,296,296,293,292,298,295,298,295,295,296,296,297,298,304,292,297,292,295,298,296,295,292,296,302,302,291,291,297,296,295,297,293,296,300,296,297,297,304,301,297,300,294,294,297,298,302,295,296,302,292,299,298,298,294,296,298,291,294,296,294,289,301,293,297,297,294,300,299,296,292,297,291,293,295,289,294,291,304,297,297,299,299,294,293,296,298,288,291,298,294,294,298,298,299,295,298,294,294,297,290,302,293,298,304,298,302,297,292,296,288,296,297,289,294,293,286,303,293,301,286,293,296,300,293,300,301,297,292,300,294,292,301,296,294,298,297,301,294,293,293,300,295,299,301,299,295,291,302,292,298,293,301,301,293,296,298,300,291,292,297,294,296,296,301,295,296,296,296,299,297,296,294,289,301,294,292,300,293,299,297,298,298,297,295,294,299,298,297,297,297,293,295,284,295,301,301,303,297,289,292,300,296,297,291,294,299,294,290,292,299,296,304,298,301,295,295,298,290,293,297,296,300,294,298,299,292,297,301,296,298,297,297,297,294,294,295,304,290,296,299,298,298,297,300,295,297,295,294,291,296,305,297,300,295,296,292,298,293,296,299,297,294,298,297,297,295,296,294,297,295,296,296,293,294,290,298,298,297,292,293,300,297,297,300,294,297,299,291,297,292,296,298,297,298,288,294,299,294,298,295,302,298,296,293,292,293,291,292,298,298,297,297,299,298,296,292,294,298,299,295,299,299,293,298,298,295,292,295,294,296,300,299,294,297,293,290,297,295,296,297,295,297,292,294,299,299,292,295,298,297,297,298,297,298,288,298,298,294,301,293,303,300,291,295,298,293,297,292,296,295,297,286,291,294,289,296,297,298,293,297,298,298,293,291,287,295,297,293,297,294,289,290,297,299,301,297,292,294,298,299,294,298,291,296,296,296,294,303,296,295,295,291,297,297,296,295,299,295,297,297,295,289,293,295,293,296,291,294,290,293,295,302,300,291,294,294,302,290,294,291,301,295,297,303,292,295,297,295,299,291,298,308,294,298,295,294,289,294,297,304,301,294,295,293,295,294,296,302,294,298,297,294,289,299,299,295,302,294,299,300,296,296,292,297
293,299,296,300,297,298,296,295,296,296,301,296,298,294,297,290,297,291,303,297,297,301,297,301,298,293,295,297,300,295,295,293,295,291,295,299,290,294,299,299,300,295,292,295,300,295,298,297,295,303,293,295,296,301,300,298,292,288,294,293,297,296,293,298,298,297,303,298,292,288,298,293,298,298,295,301,297,294,300,288,306,298,290,295,294,298,293,295,291,290,298,288,296,295,296,300,298,301,297,292,292,295,299,298,295,295,296,294,299,294,297,295,289,294,297,299,301,296,296,298,295,295,293,299,301,294,298,295,293,300,294,300,293,305,296,291,292,291,294,294,296,300,290,296,293,291,298,297,300,295,297,295,299,297,299,301,290,302,294,293,294,302,295,303,298,298,298,293,293,294,290,304,301,292,297,295,295,294,298,299,295,299,293,302,293,299,294,297,299,293,292,294,291,293,295,299,292,293,296,296,292,300,293,296,294,300,291,299,293,295,295,299,294,296,299,297,299,293,298,294,295,293,297,298,295,296,298,293,296,297,298,294,295,295,302,297,290,296,298,292,299,296,296,298,294,301,303,290,298,299,295,296,295,295,297,296,298,288,293,294,291,295,296,288,295,297,299,290,297,298,296,293,301,303,291,300,292,292,293,295,299,297,294,296,298,296,296,296,296,290,290,303,295,297,292,295,297,292,292,292,294,299,291,295,298,299,297,290,302,289,300,296,293,291,303,291,292,288,296,293,299,298,294,297,296,298,291,288,293,297,300,289,292,298,290,298,294,296,298,295,294,292,300,291,299,301,296,291,298,298,299,297,295,297,297,294,294,288,296,293,300,300,296,296,297,297,296,296,292,294,296,296,298,298,291,294,296,298,295,290,292,293,293,298,297,299,301,292,297,292,293,294,297,300,291,298,293,294,298,294,291,298,296,299,299,295,295,295,300,299,298,290,289,296,300,298,299,296,292,298,294,294,299,298,291,297,292,289,297,300,289,294,295,292,300,301,291,296,298,296,294,290,293,294,297,297,300,295,297,299,294,300,298,296,297,297,295,291,298,292,296,300,297,301,296,294,295,296,293,298,301,295,295,298,298,296,295,292,303,292,301,301,300,300,295,296,297,298,292,293,296,293,298,295,297,299,293,292,294,297,292,291,296,294,292,294,296,295,295,292,297,294
298,300,294,294,292,295,298,293,297,295,302,294,294,303,292,295,301,296,294,291,295,294,288,306,293,300,299,298,291,290,296,295,298,296,299,301,297,294,300,300,295,300,298,296,298,292,295,300,297,297,294,291,298,293,294,290,300,294,296,298,297,303,294,295,301,293,288,299,304,295,295,299,297,290,293,294,292,300,295,302,289,294,296,302,296,297,293,300,301,295,295,294,298,294,291,295,299,294,303,290,294,300,296,294,297,296,296,296,297,288,297,297,291,293,292,296,299,296,295,293,298,297,297,296,285,291,299,292,292,300,305,306,302,300,298,299,297,297,299,293,299,289,290,296,297,296,297,288,292,293,300,294,298,301,301,295,297,296,303,298,295,293,296,297,295,297,298,299,293,296,291,295,298,293,294,295,297,297,299,297,305,292,296,293,292,295,297,302,296,289,296,291,295,296,298,296,290,292,294,295,297,294,297,297,300,299,293,299,295,291,296,302,295,302,302,295,293,297,294,296,301,292,293,298,297,292,296,297,302,300,297,295,296,299,297,295,294,296,300,293,296,293,298,293,297,300,292,292,298,290,297,299,293,295,292,304,296,291,299,291,297,297,297,297,293,297,293,291,293,297,296,294,294,301,298,297,297,299,297,298,301,297,297,297,296,296,292,294,299,292,293,300,299,289,295,297,293,297,298,288,294,296,294,297,295,299,295,298,298,296,301,295,296,293,296,298,295,303,304,292,291,293,296,297,297,293,294,292,296,300,295,298,292,296,298,298,292,288,300,294,302,294,289,301,298,296,294,297,294,290,295,288,292,297,301,292,295,293,299,290,298,298,296,296,297,297,300,296,294,297,299,298,297,295,293,289,305,297,294,294,294,295,296,295,295,299,294,297,300,297,298,298,298,300,297,292,291,294,300,295,296,294,296,290,289,289,295,300,297,294,302,296,299,301,294,295,290,298,293,302,293,302,298,300,292,301,293,298,295,297,298,294,296,292,292,292,296,300,294,297,300,294,293,298,297,301,293,298,296,303,298,297,294,300,296,298,293,298,296,297,302,293,302,293,291,296,291,297,291,293,296,297,295,293,291,293,298,293,298,292,298,297,294,290,299,299,301,298,300,294,297,287,296,293,295,297,292,295,295,295,292,296,296,299,297,292,295,294,292,293,290,292
295,291,298,298,302,293,299,297,293,299,299,292,299,292,299,298,302,296,296,299,295,296,301,293,297,295,292,295,293,289,295,298,295,304,293,301,294,299,295,295,291,296,298,299,298,294,297,300,291,295,296,293,290,296,292,292,299,291,300,301,296,298,293,298,293,292,296,295,297,293,294,296,299,295,298,292,300,297,289,299,294,292,295,301,291,299,296,295,296,300,294,293,292,297,296,295,295,290,292,296,294,296,297,300,294,296,294,296,298,295,297,296,299,293,299,300,294,296,298,295,295,296,297,300,296,300,293,294,288,291,297,299,301,300,292,300,299,298,296,297,298,297,300,297,299,303,298,302,298,297,294,295,300,301,296,294,295,294,303,302,299,292,302,296,303,294,291,300,296,297,296,297,293,297,295,298,290,298,298,294,294,289,299,299,294,291,293,301,300,293,301,298,299,290,293,297,289,294,295,299,298,293,299,293,293,301,293,293,303,290,294,299,291,303,299,297,290,296,296,299,299,293,300,289,291,300,294,297,296,298,296,295,296,290,305,296,295,296,297,300,296,292,293,299,295,299,302,292,298,301,299,295,299,296,294,295,294,288,294,291,303,294,302,298,303,300,297,294,296,295,296,287,300,301,300,293,293,294,288,292,295,292,293,296,302,301,291,295,297,299,298,295,296,297,295,292,295,294,298,296,299,292,295,300,299,296,296,293,295,296,294,290,293,304,298,295,301,291,297,294,292,294,300,298,297,294,294,300,299,294,302,296,298,291,297,297,291,304,297,298,290,294,290,288,298,300,296,298,297,288,298,288,297,297,298,294,292,298,298,293,296,293,302,298,300,296,292,302,299,294,297,296,299,299,290,297,296,294,297,292,296,294,294,298,288,296,296,297,294,299,299,290,301,293,294,299,297,294,294,301,295,298,297,297,295,295,289,296,294,292,296,296,291,294,303,293,296,296,295,296,300,293,296,298,300,299,294,292,292,293,291,300,302,295,293,291,295,295,296,297,293,295,296,303,298,291,292,294,296,294,291,302,294,295,292,296,293,302,294,299,297,295,297,292,289,300,294,301,293,296,294,296,292,296,297,296,291,295,298,298,302,296,291,292,295,291,293,297,300,299,299,292,301,298,294,293,292,297,294,294,300,301,290,300,291,296,292,296,299,301,290,293
295,300,293,300,298,294,297,293,295,303,294,296,288,301,297,304,292,294,293,300,295,299,297,298,292,297,294,293,298,293,300,302,298,292,300,300,294,296,296,296,291,295,294,295,304,295,297,296,293,298,296,297,302,295,301,291,301,296,299,297,295,293,295,293,301,296,297,293,292,296,297,296,296,295,297,291,295,295,298,297,297,295,295,293,291,297,292,293,295,296,296,302,295,294,300,290,295,297,292,298,300,295,298,298,303,295,295,289,296,294,299,299,300,294,294,292,301,300,293,296,297,299,299,294,299,300,290,294,291,298,299,297,297,296,299,293,297,295,296,297,296,294,292,293,298,297,294,296,292,294,298,294,299,300,295,294,290,299,290,303,298,292,298,296,302,298,298,297,298,296,293,301,298,293,299,300,297,300,298,292,297,294,296,299,300,294,301,296,297,300,291,293,297,292,297,301,296,290,292,296,290,295,292,285,297,297,290,302,294,302,289,301,297,295,305,298,294,292,290,292,295,295,296,297,295,297,295,295,292,302,295,294,299,295,296,292,295,300,293,292,292,298,300,300,301,296,291,296,297,301,291,292,295,294,297,295,300,298,302,298,294,291,302,298,299,296,295,290,291,301,298,294,299,292,298,293,301,297,294,298,294,298,297,295,293,296,294,295,296,298,296,296,298,296,299,292,298,290,293,300,294,291,295,294,297,295,294,292,297,299,298,301,293,296,299,299,293,296,291,301,295,296,295,297,297,296,290,297,295,296,288,294,292,292,295,294,297,294,294,294,297,299,299,292,301,297,295,294,300,296,299,287,295,296,295,299,299,294,293,297,294,291,294,297,299,301,296,290,295,297,290,296,294,294,298,296,299,295,298,299,291,292,289,294,295,292,299,299,297,300,294,290,292,295,297,296,295,297,297,296,295,297,298,298,295,288,293,298,295,298,301,294,295,290,299,292,300,299,298,303,296,302,297,297,295,290,292,298,289,295,286,298,296,296,301,293,289,293,292,291,290,291,294,296,297,291,295,291,299,294,295,292,293,298,295,294,297,293,295,293,289,294,299,296,294,297,294,294,293,298,288,301,293,289,299,295,290,297,298,296,295,299,298,295,299,298,294,293,298,290,298,298,293,299,297,296,297,291,294,295,290,298,297,293,300,292,299,291,298,297,301,297
301,299,291,300,296,293,299,297,294,303,299,298,297,295,298,293,299,293,293,297,292,300,302,291,301,297,295,299,297,292,299,297,287,297,299,294,302,299,295,293,299,294,295,297,296,295,302,289,301,289,298,299,293,292,294,296,297,301,292,296,293,299,303,292,299,293,294,301,298,296,292,303,296,290,295,292,295,296,297,293,299,294,288,296,297,297,296,296,290,296,294,299,296,300,292,295,292,297,295,296,296,294,294,296,298,293,291,295,298,297,293,293,298,297,299,297,298,294,296,294,300,295,296,291,293,300,296,293,295,302,306,301,303,295,294,296,301,296,293,293,296,294,298,292,294,295,294,298,292,297,298,293,295,303,293,297,295,286,294,298,295,294,298,302,298,297,292,290,300,299,291,298,301,294,301,297,294,295,295,297,298,298,299,300,294,298,297,295,295,290,295,302,294,300,302,289,296,293,293,292,300,295,299,292,297,300,300,292,298,301,300,297,297,295,300,290,302,298,293,295,295,294,294,296,300,297,292,294,291,290,295,297,298,295,296,293,293,291,297,298,296,292,295,298,292,295,295,297,300,303,295,292,299,293,295,294,295,298,292,301,295,293,298,295,293,292,295,293,296,289,294,299,294,298,297,295,295,292,296,295,287,294,300,301,300,292,295,291,295,301,294,295,296,295,293,298,304,295,298,296,298,296,297,298,301,293,293,293,302,292,298,300,293,297,291,300,293,297,297,299,294,303,296,294,293,296,296,298,298,293,296,299,296,294,293,296,295,294,290,296,290,293,293,300,298,293,293,299,291,295,297,297,295,293,298,294,295,300,291,298,295,293,297,295,289,290,297,300,294,300,290,298,294,299,293,293,301,296,300,295,298,296,299,291,296,297,293,299,295,292,297,293,294,292,295,294,292,294,294,296,297,297,287,290,293,294,292,302,299,292,289,299,296,297,301,299,298,295,296,296,291,297,300,291,293,296,297,298,298,295,291,296,299,292,302,292,296,302,297,296,292,293,288,299,301,289,303,292,297,294,292,296,296,294,288,298,297,292,294,292,296,296,299,304,294,294,294,297,298,293,297,302,294,295,298,300,295,292,295,298,295,295,293,297,292,301,297,300,294,294,291,296,294,295,299,297,297,294,291,289,295,296,299,297,291,297,295,292,298,300,296,298
293,299,300,293,298,299,300,297,300,293,300,297,299,294,298,292,300,291,298,300,298,292,293,293,301,298,298,292,299,293,299,297,292,294,299,304,300,295,296,299,299,294,293,297,296,299,295,293,298,300,291,293,298,297,289,295,299,297,297,296,297,291,294,296,300,301,299,295,300,297,292,295,294,297,293,290,296,298,300,297,299,299,293,294,295,293,302,294,299,294,291,297,290,294,295,291,300,300,294,301,298,299,297,294,290,298,296,294,302,294,291,295,298,297,298,293,293,296,295,303,297,302,294,297,297,294,307,286,295,296,295,309,298,295,298,299,287,294,301,293,300,292,292,302,292,303,291,293,293,296,288,300,299,299,298,290,294,291,298,300,297,299,299,303,294,291,294,300,298,293,292,292,300,296,294,295,295,294,302,295,299,296,296,299,297,296,295,291,291,302,292,297,291,293,298,297,294,298,293,303,301,293,300,301,292,295,296,293,301,298,300,294,297,297,301,300,294,293,298,291,296,298,294,296,293,301,297,298,297,294,294,294,301,299,293,298,290,300,293,292,296,292,297,296,295,298,293,295,295,290,291,297,295,298,291,298,294,289,292,295,293,292,294,295,296,298,300,291,296,297,291,298,290,299,293,298,292,295,298,297,296,298,299,303,294,295,297,296,299,295,296,291,292,302,295,294,298,293,298,295,293,295,296,301,300,297,294,294,294,297,292,292,296,299,296,298,298,292,301,300,296,302,296,303,293,296,297,293,297,295,297,299,293,299,300,296,297,298,300,299,298,299,295,299,292,295,293,300,296,300,294,295,296,302,302,297,302,296,297,294,291,296,290,295,297,288,299,297,299,292,291,297,291,299,295,294,292,300,292,294,292,295,292,293,291,297,296,296,300,298,300,294,296,301,294,297,300,303,294,294,299,302,300,299,294,298,298,291,304,291,296,299,292,298,300,297,293,298,294,301,298,293,295,294,296,296,301,299,294,293,299,298,291,292,295,302,294,291,292,297,296,296,291,295,293,291,293,292,296,291,292,297,292,298,296,295,294,290,292,297,295,295,298,295,289,292,293,295,304,295,299,292,299,295,291,295,293,298,300,293,301,304,294,298,291,291,296,297,296,297,299,293,296,291,294,291,297,292,296,300,297,296,295,294,299,291,302,296,297,292,298,292
294,292,298,292,287,298,294,298,300,296,294,299,301,299,289,296,300,291,300,295,295,293,297,299,300,293,294,292,293,294,296,294,294,294,299,300,293,296,299,297,299,300,297,303,298,298,302,300,295,291,299,293,301,303,297,302,297,297,297,296,303,301,295,295,285,295,300,302,295,293,299,293,299,298,287,299,299,307,303,298,296,293,298,295,298,298,298,299,294,291,301,295,296,291,299,296,297,299,292,296,298,298,296,299,298,297,298,297,295,298,295,298,290,295,296,296,294,303,294,296,292,296,290,294,296,295,293,298,295,291,305,305,301,298,296,296,296,290,294,292,298,294,298,294,298,299,296,293,294,296,290,299,301,296,301,303,295,293,297,294,304,295,293,300,302,300,289,297,297,301,295,296,294,302,292,299,300,293,304,292,299,292,300,296,296,290,297,299,296,296,302,298,291,300,291,299,291,296,296,296,294,294,297,296,295,299,300,290,297,298,299,296,296,301,302,298,296,290,297,298,293,295,297,297,296,296,296,301,295,302,288,296,304,297,297,295,299,295,296,291,299,294,289,295,293,295,301,290,292,294,297,298,284,297,291,292,295,292,303,285,299,296,293,294,299,293,294,296,294,288,295,295,293,298,292,292,294,297,295,294,299,299,297,297,291,295,302,292,299,293,292,290,295,298,295,300,294,295,296,296,302,298,293,301,288,296,300,295,295,297,296,293,298,292,294,299,292,300,302,303,299,297,296,295,289,294,293,294,296,295,302,295,297,295,298,296,295,291,297,297,296,299,296,290,296,296,298,300,300,300,296,295,288,298,294,290,297,300,295,298,298,296,300,293,294,296,294,290,300,297,298,286,296,298,298,298,296,298,296,295,297,297,297,294,297,298,298,297,297,293,293,297,298,295,293,298,295,299,296,290,296,293,299,298,295,290,295,286,294,293,297,300,296,297,303,295,294,295,299,297,295,293,292,296,297,297,301,297,301,287,298,291,298,291,289,297,295,299,295,293,295,291,294,295,301,299,297,296,296,293,299,293,296,295,298,292,291,292,295,295,294,296,298,299,295,294,296,295,298,296,296,294,296,297,294,295,291,292,297,295,295,298,300,296,294,298,293,300,294,301,295,295,293,295,292,293,296,299,297,295,294,290,292,300,295,302,302,298,293,292,292,294
301,300,297,290,303,298,297,299,298,296,298,298,300,296,294,295,292,298,300,294,295,293,291,294,294,296,296,293,299,297,295,299,305,295,294,295,298,295,299,300,301,294,302,297,290,296,293,294,291,294,299,293,293,296,294,293,296,296,296,299,297,292,295,300,295,294,292,294,293,294,298,296,296,298,302,294,299,299,297,299,294,295,296,296,295,301,296,296,297,299,295,293,299,292,293,293,298,303,301,301,296,292,298,292,306,286,284,301,300,293,294,296,296,296,290,295,294,302,288,290,301,293,296,300,299,295,289,299,296,303,303,309,301,297,290,292,297,295,296,298,294,295,294,294,296,293,294,294,299,301,298,296,295,303,289,298,296,295,289,299,292,293,296,292,299,291,297,298,292,296,296,302,298,299,299,294,296,296,290,291,294,301,299,296,296,290,295,296,300,301,294,291,302,294,295,298,296,299,292,294,295,296,296,297,301,293,302,299,292,288,297,295,294,300,297,298,294,299,298,294,294,295,301,293,296,295,295,296,300,297,297,302,298,299,293,294,293,298,291,302,294,299,292,295,295,290,295,302,295,298,301,294,299,300,295,293,298,299,297,296,300,297,293,297,294,296,299,298,299,296,295,302,297,291,293,296,290,295,294,297,296,293,299,296,294,297,295,301,298,298,298,289,293,296,296,298,298,294,295,303,301,293,298,294,299,293,294,307,293,292,295,293,295,296,299,300,292,297,296,291,295,296,305,298,293,292,294,294,296,294,296,294,298,296,296,294,298,292,294,294,296,300,298,293,297,290,293,300,291,302,302,295,302,289,293,300,297,293,290,295,291,292,302,287,296,295,303,294,298,294,294,292,300,296,298,291,296,292,301,298,294,291,296,297,304,299,303,296,299,299,293,300,296,295,293,297,293,296,296,298,293,295,296,293,298,290,297,295,298,295,301,287,292,296,295,290,298,291,295,296,308,296,298,298,294,301,296,300,294,295,294,294,296,298,295,295,296,306,293,294,292,293,296,296,293,296,295,290,295,298,296,292,295,303,290,297,299,303,293,301,296,291,296,290,290,300,292,298,295,299,297,294,294,294,294,294,290,296,293,296,295,295,297,292,292,290,295,300,300,299,291,296,298,296,294,295,294,295,295,297,293,295,296,294,291,295,297,294,296,297,287,293
297,302,302,292,298,297,298,299,289,301,295,293,293,293,295,290,292,292,293,299,291,297,299,293,289,288,296,289,291,299,296,296,297,289,297,297,293,295,292,300,294,294,295,290,295,298,294,301,294,292,288,293,297,295,302,295,301,300,297,290,299,302,297,293,293,292,296,297,294,296,291,290,294,301,296,293,296,297,299,303,291,291,301,291,305,295,297,294,295,292,290,299,296,296,294,295,300,296,291,297,297,295,302,290,297,295,288,292,292,301,289,292,301,298,298,302,295,297,298,295,295,293,303,294,299,294,298,297,304,293,305,306,295,299,295,292,300,296,293,298,294,297,295,292,299,292,293,299,299,298,294,299,303,294,300,286,294,296,297,297,302,295,299,300,295,298,304,294,294,297,293,296,294,295,293,302,297,294,293,298,293,295,297,296,301,302,291,297,287,300,297,295,294,292,296,297,299,293,290,292,297,294,293,289,293,295,300,290,300,302,293,294,296,299,306,298,299,291,300,295,296,296,291,292,299,294,295,294,297,294,301,295,295,296,302,297,298,293,294,295,294,294,287,297,294,294,298,296,291,294,293,299,296,296,295,297,294,299,289,302,296,299,299,292,296,304,292,295,293,297,296,301,297,298,296,294,290,293,295,295,297,291,302,296,296,298,294,296,298,294,294,297,297,297,293,293,293,292,291,297,290,297,298,295,290,294,294,294,294,290,296,296,295,290,295,292,291,298,296,301,297,293,297,290,307,297,294,295,301,294,300,294,295,300,298,295,291,295,298,294,295,298,295,294,294,301,298,299,295,300,295,298,300,291,299,295,292,293,293,294,300,298,296,294,300,290,300,294,297,293,290,295,295,288,296,293,293,292,299,298,293,294,291,296,296,296,291,297,297,294,296,297,297,289,291,304,297,297,293,292,298,294,297,292,297,301,293,293,295,293,299,293,299,293,296,296,296,298,295,294,301,295,298,292,297,297,299,297,288,295,295,291,297,293,300,293,293,291,287,300,296,298,298,293,296,291,296,293,295,299,291,297,300,292,294,293,300,297,294,295,297,294,296,297,290,299,298,299,291,294,291,294,291,294,296,296,294,292,302,296,296,295,297,289,302,297,303,292,298,294,296,296,296,299,298,297,294,296,302,297,296,292,298,294,302,293,300,297,298,291,297,295
291,298,296,298,295,296,295,296,294,297,298,300,298,300,296,288,298,297,301,296,298,292,298,294,294,291,292,291,299,295,293,296,296,295,300,295,298,296,294,299,291,294,301,297,298,297,296,296,297,286,289,300,296,303,298,299,295,294,297,295,296,296,299,298,295,292,298,296,291,298,293,295,292,296,294,299,293,295,296,290,298,295,291,294,299,300,290,295,297,298,295,300,300,295,287,295,298,296,296,296,294,301,299,292,296,294,297,296,295,296,295,303,295,295,296,295,298,299,300,296,295,291,299,297,295,293,296,297,293,294,296,307,295,295,292,293,290,296,296,296,298,296,296,290,291,291,294,298,298,298,297,302,298,296,296,297,300,297,300,288,289,295,300,292,301,297,298,292,298,298,291,294,300,292,291,291,296,296,292,293,295,294,288,294,296,292,300,304,296,300,302,293,295,299,300,293,294,295,295,285,292,300,290,296,295,298,296,292,293,300,298,297,295,300,302,296,296,292,294,298,293,295,298,297,295,293,298,296,296,296,293,292,294,300,303,294,293,300,292,298,300,300,293,296,290,299,305,295,295,293,292,291,288,296,293,293,298,294,296,300,295,295,301,295,297,293,298,297,297,294,291,298,290,292,294,295,298,293,301,295,293,295,288,293,297,293,295,300,294,293,297,303,297,290,297,297,302,290,296,298,301,299,294,301,300,294,300,298,297,297,306,292,296,289,294,294,296,295,297,290,294,303,293,295,296,291,292,295,292,301,291,290,297,297,297,296,296,292,299,298,294,305,297,294,297,301,295,286,297,301,296,296,298,292,289,298,297,293,298,291,296,297,297,299,297,295,294,293,296,295,291,301,294,294,289,294,302,293,299,293,293,293,291,289,294,298,298,301,295,294,297,297,298,289,300,298,291,295,292,294,286,297,297,293,293,296,295,296,292,294,294,296,296,294,291,290,293,295,300,295,297,296,297,296,285,300,300,298,300,298,297,294,295,297,294,290,303,294,289,295,294,291,293,293,296,294,294,298,294,298,294,299,292,296,297,295,293,302,297,296,292,296,293,292,294,293,294,293,293,293,290,299,294,294,298,292,299,295,297,302,291,296,291,298,299,292,293,298,299,292,291,300,292,300,294,296,295,294,295,296,293,301,289,295,294,292,298,300,293,296,291,299
299,299,297,300,293,298,295,296,300,294,297,294,296,298,294,296,295,296,289,295,293,298,291,297,293,301,294,300,292,295,302,301,295,295,298,297,296,299,297,295,293,298,293,297,298,295,290,293,299,294,297,293,292,300,299,297,295,291,298,297,295,295,293,300,295,293,292,297,299,300,296,296,296,297,296,297,294,298,299,294,298,302,292,297,296,293,292,298,295,301,290,300,300,301,298,302,294,295,299,293,300,301,295,292,302,296,302,297,298,295,296,291,297,295,300,293,293,296,289,293,295,294,298,296,292,298,298,299,295,291,299,302,295,295,295,294,299,291,294,293,299,295,292,301,295,299,303,293,295,299,294,298,296,299,294,296,300,295,301,298,290,291,298,298,294,293,300,300,292,293,303,296,303,295,296,289,295,299,301,294,292,291,293,293,296,298,289,293,301,297,292,293,293,292,292,297,293,296,302,295,298,293,298,292,298,295,293,297,294,292,300,303,296,299,301,302,299,293,295,300,293,290,294,296,293,301,290,293,296,295,293,297,294,293,292,298,292,291,298,297,295,292,293,304,296,297,294,294,296,298,298,296,299,294,295,301,295,295,293,293,295,296,288,301,298,299,294,297,296,296,302,298,302,295,295,298,297,296,304,297,296,299,287,298,297,289,298,293,300,291,301,298,291,295,295,296,295,299,293,299,294,296,297,289,293,294,297,295,293,299,291,301,296,299,300,298,288,297,292,297,294,294,295,294,293,294,297,297,301,293,296,300,299,294,290,298,295,301,295,292,293,297,289,295,294,298,299,294,296,296,297,292,303,302,293,290,298,294,292,300,297,296,293,301,295,296,297,299,299,295,301,289,297,297,302,292,302,297,293,295,292,299,297,299,296,294,294,296,290,293,297,297,300,296,298,295,291,296,295,292,296,302,291,293,290,301,292,296,298,294,300,287,297,295,297,297,300,292,298,296,294,293,296,301,300,302,296,296,297,291,293,295,297,300,299,301,299,297,292,293,296,290,285,294,299,300,296,293,293,293,295,296,296,303,297,298,292,299,297,296,297,299,289,292,298,298,293,298,305,293,296,292,297,293,290,300,297,290,299,295,297,296,293,294,294,292,294,291,295,291,293,296,295,293,296,295,298,294,298,297,296,292,291,298,295,293,294,297,300,294,297,290
298,295,300,297,295,294,295,294,293,297,295,297,296,298,294,295,298,298,298,299,298,296,298,294,292,290,292,293,303,292,300,294,302,294,296,299,295,294,299,291,302,300,297,299,296,297,296,291,297,297,302,293,291,301,300,298,294,293,299,300,295,296,298,293,294,293,291,295,296,298,291,296,299,297,298,295,295,298,298,294,297,296,292,301,296,300,297,294,295,292,294,298,291,302,295,300,300,294,294,295,296,299,301,302,293,296,292,294,296,294,296,297,293,296,295,302,290,299,300,293,295,293,294,297,295,300,292,305,301,294,302,300,298,296,293,299,298,295,297,292,298,297,290,299,297,299,297,289,297,300,294,299,301,300,302,291,297,297,297,303,297,293,297,302,297,301,289,297,295,301,294,297,293,297,287,298,296,290,297,298,299,293,299,295,294,298,297,288,293,299,297,301,294,291,291,294,296,299,292,290,301,297,296,299,293,295,303,292,299,290,292,291,293,298,293,304,300,299,297,293,293,300,298,295,296,297,297,295,305,294,299,303,301,295,297,295,298,295,295,296,296,291,300,298,296,301,299,292,294,290,296,294,300,291,294,297,287,299,296,295,299,298,298,297,294,295,299,299,292,288,303,297,300,291,292,294,301,293,299,296,297,295,297,297,296,305,295,299,294,296,300,295,300,292,286,293,292,296,301,300,294,292,295,294,301,295,292,300,298,290,297,293,296,289,300,298,297,294,296,290,301,296,294,296,291,299,292,295,299,298,294,300,302,299,296,299,293,296,303,297,298,300,300,298,297,295,300,296,295,290,291,296,293,293,292,296,301,295,291,291,295,291,293,293,294,297,294,297,293,297,297,288,293,292,290,298,296,291,295,295,294,301,290,298,300,296,294,298,292,297,292,304,292,301,295,298,291,299,291,298,296,295,294,294,293,292,291,291,303,293,298,293,296,295,296,294,295,297,296,293,298,298,302,297,298,290,296,294,295,290,301,301,297,299,289,299,301,300,294,291,291,298,295,298,298,297,296,297,295,288,295,296,294,300,294,301,295,298,294,293,300,296,295,298,292,293,295,294,295,297,300,289,299,301,292,292,297,291,292,297,297,291,306,297,296,290,293,300,300,297,298,293,297,296,294,292,295,297,292,291,301,293,298,299,296,301,291,296,287,295,295,289
302,301,296,290,295,300,291,297,296,301,295,293,294,290,300,291,292,295,297,296,296,299,300,296,294,291,293,300,297,301,293,294,295,302,293,297,294,294,302,293,298,297,292,299,290,304,297,300,300,300,295,299,295,298,298,294,298,294,290,295,295,299,297,295,291,301,296,300,296,301,296,297,294,298,292,297,301,304,289,298,300,292,291,300,298,296,295,290,296,302,298,299,296,295,294,300,297,291,300,295,295,295,298,293,290,297,291,301,298,297,295,297,300,292,294,296,300,297,293,296,300,296,296,297,286,300,293,304,299,298,307,316,296,296,298,289,296,295,296,297,292,295,305,293,293,297,291,289,302,296,296,290,300,298,297,292,297,293,294,302,301,293,300,296,303,297,290,298,287,298,292,290,295,297,299,295,291,291,292,289,300,291,299,305,297,298,295,301,296,292,297,295,294,295,294,295,294,295,297,299,302,299,296,293,291,298,297,298,303,296,294,292,298,306,312,301,296,300,297,293,293,295,297,290,302,294,298,295,292,294,295,295,311,301,298,298,291,292,299,299,296,295,301,299,300,292,294,300,296,295,303,291,301,293,293,296,297,301,293,296,296,296,293,292,300,300,294,298,298,294,291,302,301,289,298,293,298,302,291,295,294,294,295,297,294,296,296,296,293,299,296,293,298,296,296,299,295,298,298,294,292,297,300,293,300,295,295,296,293,294,301,294,287,300,307,302,292,296,292,298,296,293,297,302,298,294,292,301,299,301,295,291,302,299,298,294,294,299,299,297,291,298,300,294,299,296,296,296,296,304,299,293,297,294,290,298,295,300,294,295,296,291,297,298,289,294,300,302,289,297,294,297,295,297,298,296,294,296,297,294,295,295,294,299,297,301,299,297,301,296,297,297,303,299,293,298,293,297,293,297,295,299,293,297,292,294,290,295,294,297,297,290,300,294,303,299,300,297,293,295,296,295,307,306,310,299,296,298,291,297,291,295,302,295,295,297,300,296,295,294,298,296,296,301,297,302,295,297,299,298,294,290,296,293,301,293,292,293,294,298,298,297,297,288,291,299,301,299,297,299,296,287,298,295,295,290,291,291,304,297,294,291,299,294,298,296,292,297,296,296,297,296,299,295,304,299,294,291,300,299,292,297,292,297,295,294,295,298,289,293,294,290
301,294,295,295,293,294,296,297,294,302,302,291,296,293,300,291,297,295,292,297,292,299,293,293,298,299,295,296,294,300,292,298,297,295,296,303,296,298,297,295,286,302,294,298,296,297,299,295,298,294,292,297,298,306,299,295,298,296,292,298,300,295,294,297,300,296,301,295,301,300,302,295,293,291,305,291,300,307,302,294,294,297,297,291,300,298,290,298,296,297,302,295,298,296,300,291,297,293,296,296,293,293,302,295,298,295,299,295,296,298,297,295,299,298,292,293,303,291,296,295,298,296,297,295,288,299,295,292,289,303,329,342,313,291,295,302,296,298,294,299,295,292,296,299,290,297,292,298,293,294,294,294,310,305,292,298,295,298,294,303,301,295,295,299,309,293,295,294,298,296,294,298,299,291,295,305,299,294,300,300,297,298,301,298,303,293,298,294,290,302,295,298,304,293,298,295,292,296,301,296,294,300,302,298,300,292,295,296,297,290,297,297,298,312,327,307,302,296,288,300,289,299,296,293,303,296,296,297,296,293,293,293,301,300,302,296,296,299,298,300,297,292,287,291,297,302,298,292,292,299,297,294,295,291,300,292,299,294,296,301,301,295,294,299,306,297,303,290,292,296,291,293,293,296,300,295,298,296,292,296,296,298,295,305,293,298,294,294,292,294,303,293,295,300,299,295,292,294,297,298,297,290,294,290,295,296,300,292,297,294,289,289,301,297,303,303,299,301,297,294,290,292,296,298,291,298,294,295,306,303,295,300,290,302,298,291,298,295,295,301,299,303,297,298,294,297,299,295,297,297,295,297,289,298,295,300,297,290,294,302,297,293,295,302,296,293,298,297,297,299,289,300,296,298,299,298,297,296,306,295,297,293,292,289,302,288,297,296,299,299,295,290,292,298,294,298,296,291,297,293,295,293,292,295,290,296,297,293,300,297,294,292,297,293,293,296,292,293,296,293,296,291,300,311,294,298,299,297,296,295,294,295,296,297,297,293,299,296,294,295,295,296,294,294,297,292,296,296,296,296,300,299,297,294,294,292,295,293,296,297,297,299,292,294,295,298,295,294,294,300,300,292,295,292,296,291,296,290,304,292,293,292,299,295,297,291,290,298,298,297,298,298,295,295,297,293,293,298,295,295,293,293,298,290,299,301,303,297,297,295,294,292
292,298,298,292,300,293,299,295,289,296,290,301,298,293,299,298,297,298,297,294,293,292,295,298,294,297,300,302,295,289,294,296,298,297,301,292,302,292,295,291,296,294,288,294,301,295,296,299,296,299,296,298,297,304,298,298,297,294,296,297,297,298,292,295,296,290,298,298,293,298,298,299,294,297,297,296,300,305,298,299,294,299,299,296,298,298,293,301,297,296,293,298,294,295,293,292,293,294,293,297,298,297,293,295,298,286,302,299,301,300,294,300,292,297,299,295,299,292,298,292,293,298,294,298,294,298,298,296,297,301,325,347,310,300,297,289,296,294,294,297,294,297,292,301,294,296,300,292,291,294,297,302,304,302,304,297,295,302,299,294,305,290,290,303,309,302,294,288,291,293,294,300,290,298,291,294,295,295,291,295,291,296,295,296,294,294,297,297,299,294,293,298,292,297,296,299,295,301,289,298,292,296,287,302,290,296,297,293,294,290,294,300,296,312,326,302,296,292,295,300,292,300,298,295,296,290,293,294,299,292,295,299,309,304,300,291,293,291,292,297,297,301,292,298,294,293,296,296,296,295,296,291,303,293,292,297,295,300,297,296,295,292,297,290,293,297,294,290,296,295,290,295,298,297,294,296,295,294,291,298,296,299,296,305,300,289,301,304,299,302,298,297,300,295,297,294,296,295,303,299,286,300,298,294,296,293,296,292,293,295,287,296,292,303,305,302,296,295,293,299,297,290,296,298,294,296,296,295,300,301,298,296,295,291,306,289,298,292,297,297,295,297,291,299,292,294,296,295,296,297,297,294,294,296,297,295,298,290,300,296,296,294,298,298,296,295,300,298,294,289,296,298,296,294,294,297,290,292,293,299,295,293,296,293,295,293,298,295,292,298,294,294,299,292,296,295,297,294,299,299,296,297,294,296,297,294,297,292,293,295,297,297,300,296,291,297,298,296,293,299,293,304,310,306,297,296,305,294,297,298,296,298,298,292,299,295,301,300,298,293,298,300,299,301,292,295,295,298,293,292,298,301,298,294,297,296,295,291,291,289,297,300,297,301,297,295,298,300,287,294,296,294,295,297,293,295,290,300,301,299,292,300,296,291,291,298,293,298,305,296,294,297,294,290,301,292,296,293,296,296,293,297,290,297,291,298,296,292,292,295,297,297
295,294,293,300,300,293,296,293,296,292,294,295,293,293,295,293,293,300,301,295,297,292,293,297,291,299,302,300,292,292,293,297,293,293,300,298,300,293,293,301,299,294,301,293,291,297,297,292,300,289,298,304,299,304,299,297,302,293,297,301,297,291,292,294,293,290,299,293,301,294,291,290,297,297,296,294,300,305,306,300,295,300,292,288,300,296,292,298,292,292,297,294,296,290,289,293,297,293,301,301,297,293,296,296,287,296,298,299,297,295,290,291,300,291,295,300,297,300,298,297,287,296,303,300,297,299,299,293,298,291,328,348,307,296,299,301,290,294,302,296,300,298,295,299,291,292,292,295,296,297,299,300,311,309,301,295,298,290,301,306,301,301,295,308,313,293,297,297,307,299,294,294,293,291,300,291,297,292,299,294,293,295,293,295,301,295,295,294,294,291,295,301,293,293,293,295,291,292,295,296,298,291,297,294,293,296,300,292,296,296,295,298,293,305,320,303,298,296,299,297,292,295,293,299,293,300,295,292,302,294,297,294,300,303,296,301,297,295,297,291,299,300,293,300,296,303,300,299,297,296,299,297,297,296,298,292,300,293,296,299,295,301,294,293,296,296,295,297,300,300,297,295,293,298,297,300,296,297,290,295,298,292,298,303,291,298,300,298,294,291,291,294,303,302,294,298,294,291,298,297,295,295,295,298,297,295,300,296,294,294,297,295,301,302,303,298,296,296,298,292,297,295,296,295,294,293,302,293,300,305,299,292,301,295,296,298,294,295,302,295,296,288,293,296,291,296,295,298,300,297,295,302,296,296,302,297,297,293,300,296,296,295,294,299,294,297,294,290,294,294,288,290,294,299,298,297,288,299,293,301,296,297,291,291,301,303,296,291,296,287,298,293,296,294,292,296,292,296,288,292,292,298,295,291,296,291,299,292,300,294,295,292,296,302,296,295,298,298,294,294,298,294,312,303,296,302,300,299,296,293,297,297,292,301,291,297,303,299,297,295,298,296,296,295,298,295,294,297,299,296,293,294,296,295,303,298,298,296,295,295,293,297,299,298,297,301,290,299,295,295,293,289,290,294,291,298,300,298,306,303,296,291,293,302,293,292,293,293,304,291,298,296,293,296,299,299,298,295,294,297,291,286,295,294,295,294,297,296,298,295,292,298
296,299,296,296,294,302,296,294,300,297,292,299,294,298,298,296,301,297,289,292,301,297,297,298,292,297,299,296,292,300,302,295,296,294,292,294,297,294,295,294,292,293,297,290,291,298,290,293,301,294,301,294,298,306,301,298,293,293,295,298,300,297,292,300,298,297,295,297,290,295,297,295,300,298,292,292,300,306,297,291,296,299,295,295,291,298,301,296,290,296,292,294,291,300,292,295,291,294,291,290,293,297,297,301,291,293,298,299,298,290,292,294,295,298,292,301,299,293,295,294,296,295,295,296,297,296,297,295,299,293,325,341,313,294,299,293,294,299,294,296,297,295,297,297,298,295,303,293,298,295,291,297,308,306,298,293,293,298,297,303,300,300,292,300,311,306,296,295,294,294,300,298,293,295,292,292,291,294,298,289,299,293,299,298,288,294,294,293,298,291,298,295,295,290,299,296,294,295,299,296,292,298,305,299,289,292,292,299,294,291,291,293,297,309,316,301,293,299,298,290,301,289,297,297,293,294,295,286,299,294,292,298,302,305,294,298,297,300,292,289,298,296,301,294,295,301,299,293,299,293,292,298,291,298,297,298,295,296,295,296,296,301,292,298,297,302,293,302,293,295,297,297,297,294,295,299,294,298,290,292,299,289,290,301,297,300,298,294,298,292,292,304,297,293,289,301,299,293,292,298,292,298,296,289,295,298,290,296,296,295,297,291,293,298,312,302,294,296,304,295,297,295,299,295,299,302,292,296,301,303,296,291,294,291,290,297,297,294,298,298,294,295,299,296,295,292,302,297,295,298,294,287,294,300,302,294,300,296,291,295,300,297,298,302,301,295,299,294,295,294,297,298,293,298,294,295,297,297,294,295,294,295,293,293,294,297,295,296,300,294,301,295,300,301,296,302,295,293,295,295,295,296,293,292,297,299,295,292,301,288,293,295,296,300,292,299,293,303,297,292,301,296,306,302,299,303,294,295,298,292,298,291,293,299,291,294,300,297,291,290,293,291,294,295,292,299,298,294,296,291,291,299,295,297,293,296,297,295,295,294,296,297,295,293,292,297,296,288,296,288,294,294,296,296,295,301,303,298,300,292,292,294,294,294,297,290,295,297,298,293,294,294,293,292,288,292,291,297,294,287,293,297,294,293,298,302,295,296,299,294,303,294
303,295,303,299,297,293,292,291,299,289,296,300,295,302,295,298,296,298,297,289,297,292,297,291,295,303,296,295,299,297,296,294,304,291,297,297,296,290,296,298,298,297,298,291,300,297,297,300,300,295,300,291,305,299,298,296,298,298,300,297,295,295,294,296,293,291,294,294,291,304,298,298,293,297,301,303,298,303,300,296,291,296,297,295,290,293,293,303,292,293,299,290,294,303,295,295,297,303,296,296,296,298,294,296,290,296,292,304,295,300,294,292,296,293,295,297,292,296,298,293,301,295,296,294,295,295,289,299,291,298,326,344,308,291,301,298,302,297,300,302,297,296,291,293,301,291,294,292,292,303,297,296,307,303,294,298,293,297,294,299,307,296,298,305,306,301,295,295,294,293,300,293,297,294,301,289,297,300,302,294,293,291,294,293,297,293,296,292,295,296,294,293,296,295,296,293,298,295,291,297,299,300,289,298,303,301,295,295,295,298,297,288,296,313,328,305,299,291,284,299,294,292,299,292,296,295,300,300,300,294,293,297,304,304,300,295,294,306,293,302,301,297,293,294,297,296,298,293,302,301,298,295,295,302,290,301,293,303,294,293,296,288,292,298,291,293,291,291,291,300,288,293,293,294,302,293,299,296,300,294,293,292,302,296,301,297,293,300,298,296,297,290,300,297,293,296,298,295,295,294,296,294,296,294,296,294,294,296,297,292,298,296,294,299,305,302,295,295,291,295,293,301,305,298,300,295,293,294,305,306,295,300,294,296,295,298,289,300,297,298,295,293,300,289,294,291,294,298,293,297,297,291,296,294,291,297,294,299,298,293,291,294,294,295,291,301,299,301,291,296,295,292,301,289,296,295,296,300,298,293,290,291,299,294,298,294,295,296,301,296,300,298,301,296,298,293,293,297,296,293,296,296,301,295,290,294,293,295,291,296,296,293,294,299,292,297,297,296,299,294,292,293,307,310,296,299,292,289,293,298,292,294,290,295,300,301,297,297,299,297,292,293,297,299,296,299,300,296,293,288,290,295,296,297,295,297,300,293,301,295,297,295,295,295,295,292,288,293,296,293,297,296,295,301,295,290,295,298,305,295,292,294,296,298,297,307,292,299,299,291,294,296,300,294,294,291,293,299,296,293,290,292,293,295,300,294,297,297,295,291,294,296
301,295,293,298,297,300,298,295,295,294,299,294,301,293,293,292,296,290,290,298,295,293,295,298,298,291,300,294,294,297,287,295,294,289,291,301,295,291,297,300,294,291,299,294,299,297,298,295,298,301,294,298,305,297,301,297,299,294,305,290,291,295,295,295,300,298,302,291,294,299,299,298,298,300,295,290,303,304,295,295,298,293,291,293,297,302,294,294,294,306,297,299,297,295,296,298,295,299,297,299,291,295,294,296,295,294,293,297,300,293,290,298,297,294,300,297,297,293,295,298,292,297,296,294,299,296,296,291,294,300,332,338,306,296,293,297,294,301,295,300,291,299,297,298,294,293,295,297,296,296,299,297,309,300,298,296,297,293,297,308,303,299,293,303,305,295,289,295,290,297,297,297,299,291,298,293,296,294,299,296,293,296,290,290,295,299,293,292,298,300,299,303,298,295,294,295,294,292,290,301,293,297,296,300,297,293,298,293,299,294,293,297,291,318,321,308,294,294,297,291,296,296,294,298,297,294,296,292,300,299,290,297,310,298,296,297,294,297,300,296,299,297,300,296,302,297,293,302,294,302,291,299,294,295,297,289,295,300,291,295,300,297,291,296,291,289,297,294,293,297,297,294,298,295,293,295,300,292,294,299,298,300,298,300,304,288,299,296,287,296,297,300,294,297,291,298,297,298,294,288,293,299,300,294,299,293,298,303,298,292,289,297,298,299,306,300,294,298,294,297,291,296,295,296,293,296,295,292,306,303,299,293,295,290,291,300,293,300,297,297,294,291,301,296,295,294,295,296,291,299,290,299,293,296,297,294,293,296,291,297,292,291,296,294,300,297,291,292,293,296,294,291,294,294,301,292,293,292,298,292,295,287,296,299,295,298,294,293,296,297,296,300,298,294,295,291,291,290,298,298,294,300,291,293,297,295,291,297,295,293,295,293,296,290,292,295,296,296,301,297,291,304,304,309,294,297,298,295,291,293,297,299,296,292,299,294,298,298,290,301,291,300,295,294,296,298,299,300,300,295,299,298,296,291,301,299,298,293,292,296,297,291,293,296,293,296,302,296,295,296,297,291,298,293,294,295,298,292,299,297,295,294,291,293,293,294,294,298,295,301,297,298,291,290,298,293,295,286,293,293,294,293,295,291,296,294,294,290,294,297,299,297
296,294,298,291,296,295,302,298,301,295,295,290,297,292,302,287,300,294,293,296,300,296,292,296,292,290,294,302,293,294,292,295,298,298,294,295,300,292,295,297,295,296,295,297,297,296,305,296,296,292,293,295,296,298,302,298,297,295,297,294,301,304,296,298,300,294,295,300,303,291,300,297,292,293,296,294,304,307,302,303,295,299,298,297,294,297,296,297,292,295,295,293,288,296,298,299,301,296,299,297,300,293,299,290,299,296,295,289,297,297,288,301,299,298,297,298,298,298,298,295,297,294,300,300,300,294,295,294,296,297,326,343,314,296,294,294,302,294,305,299,299,293,295,302,294,297,300,294,291,296,298,302,314,304,300,288,295,296,297,302,302,299,291,302,307,303,299,295,297,295,296,295,298,297,295,294,292,296,296,293,293,300,297,293,296,302,305,290,298,297,292,295,293,298,302,293,299,293,301,298,295,297,298,295,295,299,299,295,297,293,296,295,296,312,323,303,297,292,298,293,294,306,297,298,302,302,297,297,298,294,295,310,296,300,295,293,298,295,304,294,296,300,297,297,302,297,301,299,300,296,298,289,297,292,293,298,297,294,301,302,293,294,293,298,294,293,296,293,299,303,294,297,299,292,301,301,293,302,297,295,291,297,300,301,293,293,301,297,297,296,299,296,295,290,301,295,296,299,296,293,290,297,295,301,295,298,300,294,296,296,292,300,299,295,299,300,292,293,299,294,292,294,297,294,302,298,303,289,296,302,294,289,295,294,295,301,298,294,299,301,292,297,298,296,288,293,297,292,298,287,294,296,295,298,300,301,298,292,296,295,299,293,289,296,295,291,293,300,295,298,297,302,299,287,298,296,298,292,296,299,298,298,296,292,299,290,295,292,298,295,292,298,301,296,299,297,294,293,301,297,290,298,296,294,296,296,295,293,292,301,291,296,301,295,295,291,301,295,300,302,291,297,303,313,306,302,296,294,294,298,293,301,296,295,296,294,297,296,299,289,295,293,302,298,293,297,294,296,296,299,290,295,296,296,292,297,296,296,301,296,293,298,298,295,295,291,298,294,300,292,293,297,293,291,297,296,297,295,300,300,296,294,299,288,295,302,291,296,298,296,296,295,299,292,293,299,294,291,299,299,292,291,305,296,296,292,295,294,299,294,291,298
298,298,294,301,289,297,294,294,299,290,297,294,293,305,298,297,299,299,295,294,290,294,293,295,298,295,294,297,298,292,301,294,295,298,299,304,300,295,295,298,295,298,295,295,291,295,296,296,292,294,297,298,300,302,298,299,290,292,298,301,296,300,295,298,294,295,296,292,298,291,298,299,292,297,298,302,295,305,304,298,296,296,294,293,295,293,298,294,301,293,297,291,299,300,293,292,299,289,298,292,298,298,295,298,296,296,300,298,295,295,302,298,295,297,292,298,295,294,301,295,296,291,300,300,291,298,296,292,296,295,330,345,309,296,292,297,298,292,299,297,298,295,293,292,290,294,297,295,293,297,296,302,314,304,294,298,298,295,300,312,300,288,292,300,308,298,296,289,295,291,303,293,298,295,296,294,292,307,298,296,293,298,296,294,299,293,296,296,291,292,294,297,288,299,298,303,297,295,300,293,299,300,297,304,294,297,298,292,299,292,299,291,297,309,316,291,298,287,297,288,296,290,299,300,296,290,296,294,294,300,301,297,303,305,297,295,298,293,295,297,297,293,296,297,295,302,294,290,291,289,296,297,293,301,299,295,294,294,298,295,303,296,290,297,291,297,306,296,294,296,299,293,299,298,297,299,292,294,294,294,295,288,297,307,294,299,290,294,293,298,294,299,295,298,300,296,298,292,295,298,291,297,291,291,297,292,290,293,298,291,299,299,294,298,308,306,298,291,297,293,300,302,292,301,293,298,295,300,302,298,297,292,291,293,296,303,300,296,298,296,296,297,292,295,296,295,295,293,296,304,303,295,296,293,296,288,299,295,298,296,295,299,297,294,299,294,290,296,301,301,291,295,292,294,296,300,292,292,300,291,296,299,298,297,301,288,298,296,296,299,290,297,299,292,298,291,295,295,295,296,294,298,288,299,294,299,292,295,296,294,297,299,300,297,292,295,302,298,298,293,296,294,305,305,300,298,295,301,294,290,296,299,301,293,296,296,303,296,299,292,297,302,297,301,294,297,294,298,305,298,293,296,294,299,295,296,297,293,293,298,298,296,294,293,291,293,296,291,298,293,300,298,293,293,298,298,298,293,301,294,296,295,296,296,302,296,292,299,301,298,296,298,298,297,295,292,293,299,303,292,295,296,295,294,294,300,298,296,297,289,297,299
293,290,294,294,297,294,298,303,295,296,294,293,295,294,297,302,296,295,302,296,295,297,298,294,296,296,293,302,294,298,298,297,296,295,295,290,294,294,300,297,300,290,297,295,287,303,292,300,300,296,292,293,304,296,300,296,298,301,303,295,297,301,301,290,296,296,299,302,292,297,294,296,293,289,290,301,304,295,298,294,297,291,292,295,297,300,294,296,293,289,297,289,295,300,297,296,299,298,290,297,298,299,294,297,298,297,294,293,297,295,292,299,300,296,293,292,294,296,293,291,292,298,296,295,299,295,293,297,297,297,331,341,309,298,299,295,301,292,301,295,303,292,297,295,298,296,291,295,300,292,296,299,312,307,298,299,297,292,304,303,302,291,296,304,307,302,296,300,296,290,300,299,293,294,289,301,291,296,296,295,296,294,299,293,295,299,291,296,298,289,295,298,296,296,293,301,297,295,300,293,297,289,299,297,297,291,295,298,296,300,300,296,299,321,325,300,297,293,296,299,296,295,302,294,294,293,301,296,295,293,291,297,305,297,294,296,292,304,299,299,301,295,296,294,292,297,295,295,303,298,297,287,296,289,295,296,296,294,299,293,293,290,295,294,294,292,294,295,296,296,304,293,300,293,295,295,295,295,297,296,293,290,299,299,297,296,294,291,292,296,300,292,294,295,296,294,293,292,297,298,302,296,293,294,297,293,298,290,293,293,288,296,294,301,304,302,294,299,296,295,296,292,297,293,290,298,295,297,302,298,296,295,300,301,297,297,296,294,293,291,292,297,295,293,289,302,300,295,301,297,297,296,294,297,295,301,294,297,295,298,297,294,301,292,293,298,298,296,295,290,296,298,296,296,298,297,298,296,294,294,303,296,298,299,293,291,299,289,303,291,302,298,297,294,293,296,289,298,298,292,294,290,298,293,300,291,297,291,295,295,293,297,299,300,297,298,295,291,297,294,295,305,301,309,302,298,299,295,296,297,297,292,296,294,297,296,297,298,293,297,294,292,293,298,287,293,298,297,299,291,296,298,302,293,294,297,295,297,293,293,298,294,293,303,292,296,298,292,293,297,293,292,293,288,293,300,293,294,293,302,300,298,295,294,298,299,296,301,298,294,295,293,294,290,291,292,296,296,294,296,295,293,295,296,293,288,296,296,299,287,298,295
295,294,294,295,295,296,293,299,296,299,296,292,294,298,301,296,292,298,298,291,304,291,297,293,288,296,292,299,299,301,299,293,294,290,300,300,299,298,292,302,293,299,295,295,296,299,295,297,295,299,298,296,310,305,295,289,294,299,292,292,295,293,289,298,297,301,297,296,293,301,295,292,298,296,295,300,293,308,299,291,295,295,302,286,297,300,292,298,295,291,296,299,298,295,292,292,297,302,297,296,293,292,299,299,297,295,296,304,294,298,300,293,298,291,297,293,297,298,294,293,302,295,300,302,293,298,289,293,293,297,335,342,313,297,299,303,291,290,297,293,299,294,303,301,297,295,292,295,294,299,295,295,304,300,299,296,299,297,304,310,301,298,293,308,303,299,289,295,300,290,297,298,296,296,297,297,297,298,300,299,299,299,297,295,301,298,297,298,293,301,290,288,299,299,297,299,289,300,289,294,297,296,294,293,296,298,297,292,299,292,294,297,296,317,322,297,297,299,294,299,297,291,292,296,296,294,292,291,296,296,297,299,306,302,297,294,292,293,293,295,296,291,300,295,292,299,290,295,294,297,297,296,295,295,295,298,293,305,296,295,291,294,295,293,295,293,300,302,298,295,291,296,295,292,298,298,290,297,298,294,300,298,298,299,300,300,295,300,298,297,297,292,292,293,298,290,295,295,290,298,297,295,292,294,295,296,293,300,297,295,298,293,300,297,297,296,297,296,295,292,295,292,302,292,301,287,294,297,303,304,297,297,295,297,298,296,295,296,297,298,299,301,295,292,292,291,298,296,295,298,295,290,298,294,297,296,290,300,292,295,295,292,298,300,298,294,296,296,295,297,298,292,302,297,295,293,294,296,295,294,295,292,291,294,290,287,295,293,289,295,294,292,298,294,295,298,294,294,295,298,291,291,294,294,296,294,293,301,290,301,290,290,296,291,298,299,298,295,302,299,295,288,306,310,304,302,293,293,301,299,289,293,292,303,291,299,293,293,305,296,290,289,295,298,293,301,296,296,294,296,298,295,292,295,301,300,296,292,297,290,295,298,299,298,292,296,300,293,294,293,295,297,294,294,295,301,290,299,300,292,295,293,296,296,297,293,295,302,304,291,298,298,300,295,300,293,287,294,295,295,297,296,301,296,291,294,298,299,293,293,295,303
299,296,302,292,300,296,300,293,300,298,294,298,290,294,298,294,290,300,300,295,293,297,295,299,299,295,296,296,294,299,292,297,299,295,291,292,298,293,295,288,291,292,299,295,298,302,300,295,295,300,297,291,311,299,294,290,301,297,302,296,295,302,290,291,297,290,293,290,297,290,296,294,291,295,294,302,302,307,299,296,298,295,300,299,296,295,291,294,292,293,299,300,293,288,293,299,294,295,296,294,295,291,300,299,302,299,298,292,301,299,295,294,300,297,301,290,300,297,301,298,295,298,294,295,301,292,295,298,292,295,334,352,307,292,298,295,298,293,290,296,300,292,296,295,298,292,301,294,295,298,299,294,310,297,300,299,301,293,301,309,301,302,297,304,313,299,293,297,295,297,298,298,294,299,293,292,291,296,296,294,288,293,295,292,299,296,296,297,296,297,290,297,299,292,295,300,292,301,299,298,302,293,296,289,294,292,296,296,299,298,293,299,293,317,331,299,300,293,294,299,294,306,295,295,293,293,294,294,297,296,295,293,305,296,303,296,289,298,293,291,292,296,296,297,297,297,299,297,296,292,298,299,300,293,295,290,296,297,296,296,292,297,290,295,296,293,294,298,295,301,300,293,295,297,295,293,297,290,297,293,294,294,305,304,304,296,299,298,298,299,296,294,297,289,295,288,297,295,293,293,297,302,296,296,292,294,293,296,294,295,296,291,298,297,306,304,296,300,286,302,292,289,294,296,297,295,297,297,300,313,299,290,297,289,295,295,301,290,299,301,301,298,298,298,297,295,302,295,300,299,297,294,300,292,297,299,300,296,294,292,293,291,293,292,292,298,290,299,287,303,293,296,297,296,292,290,300,297,295,298,291,291,297,294,298,292,297,294,297,295,296,292,293,295,294,297,296,296,294,303,292,296,298,292,295,295,293,297,292,293,290,295,289,295,296,296,295,296,294,296,295,297,308,307,297,302,298,296,295,292,294,302,299,293,295,292,294,296,292,297,294,297,296,293,296,289,295,297,293,295,294,296,291,294,297,294,297,292,297,289,300,295,294,289,291,292,291,302,299,297,293,297,294,299,301,291,298,299,299,306,289,294,296,296,300,293,307,297,296,303,296,294,294,290,299,301,296,298,287,287,293,298,296,288,295,295,303,295,295,300,293,296
300,295,293,289,299,298,300,296,296,298,295,299,295,290,295,293,289,294,298,299,287,294,295,299,299,298,297,297,295,298,294,292,295,300,298,298,296,294,291,288,297,297,296,297,296,293,297,293,294,295,291,304,299,301,297,298,299,299,295,296,296,295,295,296,287,296,303,304,295,300,295,292,301,288,293,297,299,301,302,297,292,290,296,294,297,297,295,298,294,292,294,299,294,297,296,299,298,295,296,294,303,299,291,290,298,293,294,302,296,297,299,295,292,298,294,292,296,295,296,298,295,301,301,296,294,292,299,301,294,295,326,347,305,299,297,295,301,296,297,289,294,296,295,297,294,289,298,294,298,296,293,301,316,304,298,294,301,299,300,309,300,294,299,308,307,299,294,296,295,293,300,294,295,296,296,297,297,294,301,296,301,300,294,296,292,295,302,298,294,297,297,297,299,295,295,297,299,291,292,297,294,300,290,297,296,299,297,291,297,292,295,302,299,314,326,305,295,299,300,291,293,301,295,291,295,293,300,292,293,290,298,305,308,304,291,297,303,293,299,301,297,296,299,291,298,297,298,298,293,292,296,296,299,298,300,291,305,297,296,294,299,295,295,296,300,294,291,302,299,293,295,299,294,295,294,293,298,292,301,298,297,293,293,301,293,290,294,297,298,294,297,297,292,297,288,294,288,295,296,291,294,298,296,290,293,293,296,295,292,294,293,303,301,304,305,297,293,296,294,289,299,299,291,295,297,297,295,293,300,303,298,293,296,292,293,300,296,290,298,302,301,295,291,295,293,290,293,298,296,296,297,298,297,299,300,295,291,288,297,294,289,296,292,301,298,292,293,297,289,296,295,295,291,293,298,300,295,293,299,290,293,298,290,296,295,291,293,301,292,297,296,299,299,292,289,294,300,296,293,291,293,300,297,299,296,293,296,295,297,291,297,290,299,296,298,296,302,294,298,295,298,297,305,302,296,297,297,295,299,298,296,296,301,293,298,293,293,298,298,298,292,299,299,288,297,298,299,293,297,290,294,300,301,294,293,296,295,292,293,305,295,287,291,301,290,298,301,297,295,297,292,294,294,294,295,296,294,296,302,296,300,295,293,296,299,292,298,296,298,298,291,297,297,297,295,293,295,299,296,297,293,296,294,297,300,296,297,299,297,294,294,297
289,293,289,293,298,297,298,303,300,292,298,298,297,295,291,299,295,300,301,292,295,297,298,297,297,292,301,297,294,292,292,292,295,293,301,300,296,297,296,305,295,293,299,297,298,296,297,292,294,290,299,293,307,301,298,301,299,297,298,296,297,295,299,300,294,298,294,298,295,299,292,298,293,297,291,294,301,306,303,294,302,298,292,296,293,293,299,301,297,289,296,303,296,288,298,293,292,294,301,294,298,299,295,298,296,294,295,295,296,299,294,299,298,300,297,301,298,292,296,297,294,287,297,292,286,299,297,294,301,300,330,345,309,301,288,298,299,296,293,290,302,298,296,293,296,294,294,300,295,298,295,306,306,303,299,294,298,294,299,304,299,296,291,303,302,297,301,295,292,295,293,300,297,294,299,299,293,294,294,300,295,299,294,300,302,294,298,298,297,291,297,295,297,294,292,296,291,293,299,295,301,296,299,291,293,295,293,294,289,292,293,297,299,316,325,291,302,294,295,294,300,297,300,300,295,297,296,293,294,293,298,293,302,300,299,302,297,294,299,297,296,296,290,302,300,293,301,297,299,292,301,293,292,296,300,294,295,295,297,291,293,292,296,296,294,292,297,302,300,292,289,297,296,294,287,300,297,297,297,295,301,288,296,304,293,292,292,291,295,298,297,292,294,293,291,295,298,295,297,289,299,299,299,295,293,297,297,295,292,292,293,297,292,296,298,300,296,300,303,288,298,296,299,295,294,294,297,287,293,296,297,296,294,293,303,287,294,298,297,292,292,298,297,297,296,294,294,298,297,295,297,291,297,291,290,294,299,299,299,297,297,293,295,299,300,297,302,288,290,295,297,298,292,288,292,295,292,294,299,297,292,294,297,298,297,294,295,302,296,294,295,296,298,292,297,300,294,298,291,297,295,296,295,294,292,291,301,291,299,302,292,293,294,295,290,298,294,294,294,292,299,298,301,298,295,297,299,297,296,290,294,295,294,292,292,298,295,292,299,295,294,302,295,291,294,293,294,302,297,296,298,297,298,294,292,290,298,287,296,299,305,297,289,300,299,293,295,292,297,292,294,300,293,292,296,291,291,295,292,300,297,292,288,300,294,300,295,291,302,296,293,292,297,293,298,299,290,294,299,287,296,293,299,302,293,292,294,292,295,295,294,293
300,294,296,295,294,300,293,293,295,291,292,294,293,296,295,298,295,298,299,294,294,299,300,293,294,296,297,298,303,290,291,299,290,300,298,296,297,303,296,295,298,294,296,298,295,296,290,298,292,296,291,298,310,299,294,295,293,298,296,299,296,295,293,294,299,295,298,289,292,296,294,295,298,308,297,302,304,303,296,293,296,299,297,302,292,297,301,294,298,292,295,298,295,300,297,296,296,296,296,295,299,295,289,300,294,296,295,297,294,294,294,299,297,302,300,294,299,299,298,292,302,290,293,301,295,295,296,298,296,301,315,316,299,299,292,297,294,291,295,291,291,293,301,297,301,300,295,296,296,299,298,296,299,301,294,298,299,299,291,299,300,296,299,294,297,293,296,294,298,295,292,289,291,300,293,297,297,300,295,291,292,295,294,300,293,298,295,293,294,293,296,296,285,294,294,297,299,300,289,294,295,296,293,294,300,299,297,292,298,294,299,296,299,298,302,304,293,299,292,297,295,300,291,293,293,297,293,292,294,296,291,299,297,300,294,298,290,295,296,295,300,293,296,296,303,300,302,294,297,295,299,295,296,292,294,300,297,297,295,300,292,287,298,292,297,296,299,300,290,306,300,294,295,297,291,299,290,291,290,298,297,296,299,297,294,294,296,294,293,295,297,301,299,300,295,298,293,297,298,300,296,293,297,293,303,297,296,295,300,294,293,302,299,299,296,291,296,297,296,292,296,298,291,296,302,296,291,299,302,299,299,297,297,289,298,297,300,297,296,302,299,297,296,295,293,291,300,299,297,294,301,298,295,296,300,300,293,291,293,295,295,295,292,295,297,298,300,288,297,286,294,296,295,301,297,296,295,293,297,298,291,291,299,293,297,299,297,296,298,294,293,298,302,295,297,301,297,299,290,295,296,298,297,291,291,293,292,295,297,287,293,295,295,296,297,298,296,295,301,295,292,300,297,303,297,299,297,299,294,299,301,298,298,296,292,300,294,301,292,295,294,299,299,297,294,303,292,295,300,292,299,297,301,292,298,297,298,292,290,290,299,298,300,294,289,296,299,295,296,292,291,293,300,295,295,297,291,298,299,300,302,296,295,294,297,294,298,295,296,294,299,290,300,296,291,293,295,295,296,299,293,298,297,291,294,293,296,294,296,291,291,299
297,296,290,296,295,298,298,299,292,295,298,294,294,294,293,295,292,299,295,292,298,297,294,295,296,296,297,301,296,302,297,298,295,295,297,300,298,299,295,296,296,290,299,295,295,299,299,300,297,298,294,296,297,298,300,291,295,294,294,299,293,289,296,297,294,294,292,295,295,301,291,301,294,294,298,296,299,295,298,294,299,293,295,298,288,293,297,294,295,298,294,300,293,296,290,295,305,297,297,297,294,296,298,294,299,299,290,298,293,292,295,295,302,291,299,292,298,294,292,291,295,291,294,297,299,297,292,294,298,297,305,306,300,298,294,293,292,295,300,294,297,294,298,287,296,300,298,307,289,295,301,293,305,297,295,293,293,294,292,295,298,292,303,301,295,306,293,296,300,292,290,294,302,290,292,297,292,303,295,296,294,292,302,297,297,297,292,300,300,293,286,295,291,292,295,296,298,295,303,296,295,299,300,301,295,298,298,295,293,295,294,293,295,299,303,302,292,300,293,298,295,297,298,298,297,296,300,295,293,293,299,295,297,289,298,296,292,299,295,296,295,292,297,292,299,298,300,296,296,294,292,294,293,299,296,297,296,300,298,293,297,293,296,292,298,292,291,297,298,294,293,294,293,296,295,295,293,290,289,297,295,294,300,297,294,292,296,294,295,296,289,299,292,286,298,292,299,297,299,296,296,297,305,295,292,300,293,297,295,291,297,294,292,297,294,302,299,298,297,296,297,290,302,294,297,297,297,294,305,296,298,296,301,291,300,294,296,293,295,293,299,297,295,294,295,295,295,296,294,296,290,295,298,292,295,296,296,296,296,293,291,294,297,293,295,292,297,295,301,289,295,294,296,293,298,290,291,298,304,298,294,295,295,294,292,292,291,297,292,294,292,296,290,296,301,298,296,298,292,300,303,300,297,290,295,295,291,300,298,292,294,295,302,299,301,296,297,298,296,293,296,295,302,298,297,296,295,298,293,290,295,292,297,294,292,293,299,295,288,297,298,300,293,291,300,291,293,298,291,295,294,296,298,298,295,293,289,293,291,292,290,291,299,294,303,291,295,294,295,296,296,295,300,295,297,300,289,307,300,299,299,296,295,294,293,291,297,299,296,301,297,294,301,296,292,291,291,302,292,297,297,297,301,298,292,296,295,294,300,303,300,289
300,295,296,292,301,295,292,296,295,297,299,298,304,289,299,291,292,296,303,297,297,294,293,300,295,294,300,294,301,297,295,292,297,288,300,297,296,291,298,296,301,297,299,294,297,297,289,296,298,292,296,290,296,306,300,304,292,302,295,295,297,292,297,296,295,296,292,304,293,303,294,296,294,294,299,298,293,299,294,294,297,294,297,294,292,295,296,295,304,297,290,295,297,292,297,295,294,294,298,298,298,300,299,289,295,304,294,294,297,297,298,300,289,297,292,290,296,292,296,299,298,295,295,294,298,292,299,294,294,300,310,309,298,296,299,299,293,293,298,296,293,291,297,297,295,297,289,292,299,298,294,298,303,297,294,296,300,295,299,299,296,297,295,304,305,299,297,299,298,299,292,297,296,295,299,298,291,297,299,300,295,298,296,296,292,296,291,294,296,292,297,301,292,296,299,296,301,297,294,291,294,286,300,290,295,295,295,292,299,297,300,292,293,304,317,296,294,297,290,297,292,292,296,289,299,298,300,291,298,294,292,297,301,302,296,298,291,293,286,297,297,295,294,300,291,295,291,297,292,289,295,294,291,293,299,297,296,293,291,292,293,296,297,307,301,296,294,291,299,300,298,295,292,294,299,289,300,296,298,297,294,298,297,299,298,297,294,299,294,296,295,293,296,297,295,294,293,292,296,295,292,298,292,292,298,298,298,288,290,297,294,297,291,301,302,302,290,298,292,298,297,294,295,290,297,299,300,299,300,302,299,294,301,301,293,292,295,293,298,297,288,293,299,301,300,299,293,295,295,302,291,297,293,289,293,296,295,294,297,295,296,291,293,294,295,295,297,297,289,297,297,295,294,286,300,296,288,295,296,295,297,297,299,294,295,288,292,291,298,299,294,299,297,299,299,297,292,298,294,295,297,294,300,294,295,297,302,298,298,296,296,296,295,294,297,298,297,297,294,297,293,293,307,300,298,300,299,299,298,297,294,299,295,295,298,293,294,298,294,298,292,293,302,297,298,294,300,295,301,298,294,299,291,292,298,297,296,293,292,296,295,298,293,295,297,297,293,296,296,300,291,294,292,299,297,292,296,299,299,298,292,296,298,293,298,286,295,303,295,303,294,293,299,294,290,290,301,289,291,296,294,291,295,296,299,296,297,298,297,292,295,298
297,299,291,294,290,296,293,293,294,293,298,300,295,293,296,297,298,296,294,295,298,307,294,299,297,296,296,303,301,296,289,293,301,293,297,290,298,297,294,294,296,301,297,292,299,298,297,296,292,295,300,305,303,303,300,298,296,296,295,292,297,300,299,296,293,296,302,297,298,296,289,301,292,296,292,295,298,300,300,294,294,302,290,302,292,292,297,293,298,300,290,297,297,295,295,291,292,296,295,296,298,293,302,296,295,295,294,295,303,295,296,294,293,291,296,296,298,294,297,298,297,294,293,294,298,296,295,299,291,301,338,344,306,298,292,300,293,292,299,291,291,301,293,294,295,291,300,290,294,300,296,301,311,304,290,297,295,292,297,301,295,295,300,313,312,299,298,295,302,296,298,296,295,293,299,290,296,293,293,298,297,300,296,298,292,298,301,293,289,291,296,297,297,291,296,292,298,295,296,299,294,301,296,304,298,296,302,302,290,289,300,298,291,322,328,308,298,289,301,295,288,289,297,296,294,293,293,296,289,297,293,299,311,302,295,296,292,289,294,295,294,295,293,292,298,297,294,293,301,297,294,296,299,290,291,295,298,295,298,296,303,291,293,290,295,290,297,287,296,298,300,297,301,297,291,295,295,297,297,289,296,296,302,304,296,299,296,294,300,299,295,300,297,304,298,295,295,300,294,294,291,301,299,304,295,304,293,293,297,294,296,298,288,296,316,296,302,298,300,293,293,299,300,305,298,292,301,295,310,305,298,297,297,303,296,297,295,296,293,299,295,296,294,296,299,296,297,299,300,300,294,298,295,303,297,290,303,295,302,296,293,297,296,301,298,291,295,292,295,296,296,290,295,290,295,292,296,297,300,299,296,293,293,296,293,293,292,301,295,292,297,300,298,301,290,293,291,292,291,295,293,297,290,298,300,297,298,299,300,289,292,302,291,301,295,298,295,298,298,299,293,300,306,310,302,304,298,295,294,297,294,296,286,290,293,290,293,292,293,299,298,302,304,300,299,293,296,295,299,296,294,300,293,298,296,291,290,297,291,295,293,299,297,293,299,294,299,293,292,297,296,297,296,298,294,300,293,294,302,307,291,295,292,299,296,300,294,303,295,304,291,292,295,295,295,295,298,299,295,292,295,297,297,294,299,296,293,293,292,297,288,295
304,292,300,301,299,296,297,297,301,299,298,295,290,300,296,302,293,291,297,298,297,293,298,296,299,296,295,293,294,302,292,293,297,301,296,292,296,296,294,290,295,300,297,300,289,294,296,297,290,299,297,301,309,296,304,293,288,296,297,294,297,298,298,300,296,298,298,296,294,291,295,299,296,299,296,296,300,308,305,300,297,298,298,293,296,293,304,296,297,295,295,291,303,301,295,293,299,294,296,297,295,297,291,299,299,291,296,296,296,290,295,292,296,295,298,290,293,297,297,294,302,296,297,299,295,288,295,296,298,297,340,357,320,297,292,297,300,293,297,296,294,291,291,299,297,299,290,293,301,300,296,305,307,310,301,296,291,293,300,304,301,297,290,314,307,297,297,298,293,298,292,301,294,296,293,299,292,299,298,296,294,296,295,297,296,298,297,292,297,298,298,299,300,291,295,294,293,296,298,292,297,294,291,297,295,294,296,297,297,299,292,294,289,319,327,313,295,287,297,293,293,294,297,289,291,294,297,293,293,303,294,304,306,302,296,296,294,294,303,293,295,296,296,296,294,294,293,294,296,299,293,294,298,296,289,301,292,296,295,290,300,290,298,293,293,292,298,298,297,300,299,297,292,295,302,299,296,289,304,298,291,295,302,305,296,295,291,299,296,293,297,291,295,292,295,291,295,295,299,297,297,295,296,297,297,295,294,300,298,297,291,296,295,307,304,306,299,299,296,295,293,292,300,299,297,297,294,293,303,313,302,295,290,297,298,295,294,291,298,298,293,298,294,294,299,291,302,297,302,304,301,297,297,290,296,294,300,298,296,293,300,297,290,302,296,297,302,294,301,295,291,297,295,299,298,298,299,291,294,298,294,293,298,295,294,293,295,299,299,299,297,294,296,293,289,293,298,289,301,293,291,292,297,295,293,289,291,291,297,298,297,296,288,297,293,295,301,289,294,297,292,294,305,311,302,301,292,297,297,291,299,298,292,297,295,294,294,299,302,293,289,295,290,295,288,297,293,294,297,294,299,294,298,298,296,290,296,298,301,295,294,294,296,292,291,295,296,291,300,297,301,294,297,293,291,293,293,290,304,301,297,291,301,297,288,298,297,299,295,298,303,290,297,300,291,297,297,296,297,295,292,306,294,293,295,297,292,295,289,297,286,296
296,299,293,300,293,300,299,303,298,291,297,295,300,291,295,299,299,297,300,297,299,300,295,299,297,295,294,297,292,294,291,298,295,300,295,301,298,298,299,295,298,297,298,295,292,296,292,300,292,297,298,303,308,303,294,303,295,297,298,297,298,293,296,294,295,293,297,294,296,293,296,291,293,293,296,296,299,306,297,293,291,292,295,296,292,300,295,302,294,300,296,294,300,291,297,301,304,295,295,297,293,299,295,290,299,303,296,295,296,295,290,297,293,302,299,296,299,296,295,295,304,302,300,292,300,293,300,297,301,297,346,358,321,295,299,295,295,294,301,290,298,291,289,295,292,301,298,297,292,290,301,300,315,309,292,302,298,299,289,307,307,302,298,309,308,304,297,302,293,295,299,298,300,296,300,295,293,294,294,299,286,294,295,297,299,295,291,299,292,290,299,300,302,298,293,300,297,300,299,297,290,289,296,294,290,300,294,299,293,295,296,292,301,315,326,308,299,293,293,298,296,300,299,298,299,298,300,299,297,295,296,295,310,307,299,298,290,292,298,300,296,296,300,294,297,292,292,294,297,294,295,296,293,297,296,301,295,295,301,297,295,296,296,294,294,293,297,295,297,299,297,291,297,297,289,294,298,298,292,296,289,297,296,306,304,298,298,295,297,298,299,299,296,299,299,288,297,291,299,300,304,297,298,294,295,297,290,301,294,292,296,295,297,300,303,301,294,296,299,298,297,296,301,298,294,294,297,297,301,303,295,294,290,295,290,295,299,296,298,295,301,291,293,298,293,296,297,297,298,296,297,291,291,293,295,293,292,299,300,297,295,298,290,293,298,296,301,291,292,291,300,306,298,293,296,290,291,290,303,291,296,288,290,289,294,302,300,302,293,292,298,293,293,295,295,294,292,290,296,295,292,289,293,294,296,291,294,292,300,296,296,298,298,289,303,299,294,295,301,297,295,300,309,310,296,301,294,291,294,287,288,293,297,297,298,296,295,293,294,290,294,292,290,293,290,297,290,299,296,298,293,302,292,295,294,296,294,294,299,297,295,292,297,288,292,297,294,286,298,299,297,294,293,294,296,299,295,296,304,296,302,290,291,295,294,298,298,298,295,290,297,305,299,290,295,297,297,294,292,296,297,294,299,298,294,298,291,292,296,292,302,296
292,292,298,299,301,294,292,299,294,303,296,294,295,302,299,296,295,292,294,302,297,294,300,300,295,294,304,295,303,296,297,299,301,291,300,292,295,301,295,295,304,293,296,295,288,297,296,295,300,291,293,297,311,306,298,302,289,297,299,295,294,292,290,297,291,292,303,295,302,294,293,298,298,298,293,295,298,312,310,301,300,296,300,298,294,297,295,300,297,294,290,293,297,292,299,289,292,292,294,294,294,299,301,297,293,290,293,295,294,303,293,295,303,296,298,302,296,300,297,297,293,294,294,294,299,295,291,296,296,301,339,349,312,297,296,293,298,294,295,288,300,292,296,295,289,291,294,298,289,297,302,296,310,313,303,294,296,296,294,306,303,294,297,309,313,300,299,295,291,295,297,294,299,292,300,292,290,297,292,298,295,295,294,297,296,284,295,295,294,300,295,295,299,296,287,297,297,301,297,291,300,295,289,296,304,291,301,301,294,292,299,298,298,327,329,315,298,295,297,295,300,291,292,301,292,294,299,294,294,299,302,295,303,305,297,297,300,301,297,294,298,296,297,297,291,289,293,292,293,296,294,296,295,292,293,300,295,298,290,297,293,295,297,297,297,291,293,295,295,294,295,294,299,299,293,291,301,306,299,298,289,294,300,299,300,302,291,300,294,298,290,292,297,297,299,296,293,297,296,293,296,289,299,291,296,303,300,301,296,294,291,296,293,300,308,300,297,300,294,294,286,294,298,294,300,296,297,299,304,304,296,294,299,300,291,294,295,294,300,300,300,296,297,294,292,295,298,297,292,302,296,299,295,302,297,297,288,298,297,295,297,296,298,293,291,296,293,298,293,300,301,290,303,293,299,300,294,297,296,285,293,292,297,294,295,300,293,295,295,293,295,289,296,297,298,296,293,297,292,297,299,292,302,293,295,296,294,292,294,296,293,295,293,293,298,294,296,300,295,299,297,290,311,307,305,306,292,297,291,300,294,295,292,295,297,298,293,300,298,294,290,293,298,289,297,299,294,294,295,299,297,293,301,297,301,291,298,292,290,289,297,294,296,296,298,296,301,296,295,300,300,294,296,294,294,296,294,297,297,298,291,299,292,291,295,296,298,296,295,289,301,296,300,293,289,291,297,293,295,296,296,296,299,296,297,297,293,295,295,297,294,296
297,291,297,292,300,293,286,293,294,295,293,293,293,296,291,302,297,293,294,302,295,295,299,294,301,297,302,293,302,292,298,296,299,294,303,298,295,293,293,301,297,296,291,292,301,292,297,293,297,298,298,301,308,302,302,295,299,302,299,301,297,294,298,289,295,292,294,295,290,296,296,300,287,298,293,292,299,302,299,305,296,295,296,293,296,293,293,299,300,302,302,295,295,294,300,296,294,296,290,297,294,297,294,288,300,302,299,295,293,293,296,288,301,290,292,299,297,300,293,298,308,295,299,293,298,296,300,306,292,296,336,357,325,299,296,303,293,290,299,299,300,294,301,298,298,294,294,293,291,291,296,294,315,307,296,297,296,295,296,305,305,300,295,302,319,306,300,303,293,297,299,293,293,288,294,296,295,300,299,294,294,290,292,298,294,294,299,292,302,301,295,293,303,291,292,293,291,293,288,301,292,294,297,294,304,299,296,300,292,297,296,294,298,315,331,304,298,296,297,296,293,295,298,292,298,296,296,295,293,294,300,296,309,299,297,302,298,291,295,300,296,297,297,297,300,299,295,301,294,295,297,296,297,296,298,289,294,300,290,295,304,288,298,294,290,293,291,290,292,295,299,294,298,288,294,295,291,304,299,299,293,296,301,301,299,291,297,296,295,298,298,294,301,298,301,289,290,294,290,295,295,302,300,295,291,298,299,289,293,294,293,304,290,294,302,301,292,288,297,292,297,301,295,292,296,297,298,295,304,309,296,297,301,298,296,296,296,295,291,303,295,297,295,293,292,298,295,299,292,298,288,293,292,295,301,289,296,294,295,298,298,299,294,300,298,294,297,292,303,294,294,295,293,298,298,295,296,293,296,298,297,291,295,295,297,296,294,298,295,295,292,300,302,296,292,297,294,290,301,295,296,293,293,290,294,297,299,295,296,293,296,297,293,296,297,299,291,300,296,295,294,295,308,302,301,299,301,299,297,297,293,298,292,289,300,298,297,301,295,295,296,304,293,297,298,289,298,290,299,290,297,295,300,292,289,291,290,293,290,292,302,290,298,293,299,294,292,296,293,300,299,297,289,302,301,302,287,295,301,299,290,296,295,295,300,302,296,300,297,296,295,290,300,298,297,290,298,292,293,301,294,294,301,293,298,295,298,295,290,299,297,294
293,296,291,289,299,292,300,297,294,296,296,292,295,297,292,290,304,293,299,295,291,299,296,292,297,297,299,298,300,299,297,297,298,292,300,292,296,298,292,293,295,291,295,296,294,294,295,294,298,297,297,296,305,309,306,292,293,297,294,293,294,294,293,299,305,296,295,294,300,294,299,296,292,294,298,294,296,308,300,301,297,298,298,295,299,293,297,296,295,299,294,297,299,295,297,301,297,297,294,291,297,295,299,301,297,295,297,290,302,296,295,303,299,301,296,292,290,293,294,296,293,294,296,298,294,301,297,297,300,300,323,356,317,300,291,298,298,291,289,294,294,303,299,291,297,290,297,296,291,299,292,301,310,306,301,295,297,295,300,305,302,303,291,310,315,300,296,295,295,292,295,299,289,304,301,294,292,295,298,293,294,300,294,294,299,297,298,292,295,295,301,287,296,297,295,290,294,293,294,293,297,299,296,293,297,294,296,294,294,294,295,297,296,313,331,309,293,294,297,303,298,297,296,299,290,294,300,293,298,297,292,300,306,299,303,298,296,297,298,288,295,298,295,298,297,294,295,295,299,294,296,298,298,300,295,297,287,294,297,299,294,298,300,298,304,293,299,296,297,293,296,301,294,289,290,292,298,295,297,301,296,292,298,298,296,290,291,292,294,295,294,293,292,295,293,297,297,291,289,299,296,293,296,298,296,296,298,302,298,298,293,298,295,299,306,307,299,296,298,292,294,299,291,296,300,297,297,295,302,304,297,296,294,298,300,294,296,301,293,296,291,297,298,299,297,291,296,301,293,299,294,296,296,298,296,296,300,291,297,300,299,291,293,298,295,297,290,294,296,292,297,296,294,296,288,292,302,295,297,290,295,296,292,299,300,292,297,295,296,299,299,295,295,296,300,297,295,296,294,296,298,295,297,296,295,294,295,297,295,295,291,291,292,303,296,295,298,293,301,296,299,290,303,301,304,300,298,294,294,293,297,293,293,299,300,302,297,290,292,297,291,291,297,292,293,289,300,299,298,293,295,294,295,297,292,299,298,291,293,296,294,295,294,294,290,293,297,296,293,293,300,296,294,291,295,300,290,296,301,306,292,292,293,294,297,295,291,298,292,288,296,297,295,299,294,296,292,296,292,295,289,298,293,297,297,293,292,290,290,295,291,298
294,289,297,298,301,297,296,296,297,295,302,295,294,295,289,298,293,292,297,300,297,295,301,302,288,298,300,298,295,294,295,298,292,294,297,300,298,297,294,296,297,294,295,299,296,299,296,300,297,303,294,292,303,308,299,294,302,294,295,292,300,297,287,297,300,295,294,297,292,296,299,297,295,290,294,299,292,301,300,297,298,297,296,297,297,298,297,295,292,290,301,293,291,301,294,295,299,295,297,298,294,296,293,294,295,295,298,298,298,296,298,290,291,294,295,295,293,308,299,297,299,296,297,304,297,290,293,297,293,296,328,350,317,297,292,299,297,296,298,293,297,295,297,301,297,302,293,298,297,296,297,301,309,305,296,294,291,295,300,300,293,302,295,312,312,307,302,291,295,290,296,294,300,302,295,295,292,291,296,298,299,297,291,289,297,294,296,295,299,298,304,297,297,302,294,300,298,292,302,290,290,294,298,300,296,294,297,296,295,293,291,295,290,314,324,306,300,301,302,292,292,297,292,299,302,295,290,294,298,295,303,295,308,309,302,302,296,289,301,298,295,297,298,295,296,291,298,295,298,290,293,294,295,299,292,296,292,296,292,293,296,292,295,292,296,300,295,293,299,299,296,300,303,295,295,298,295,297,299,296,298,297,300,302,297,299,300,294,298,295,293,297,298,293,296,295,297,291,299,289,288,303,294,302,302,299,289,294,299,293,303,295,289,298,306,294,300,294,295,293,290,301,289,290,297,295,293,298,301,309,302,300,297,295,295,296,296,297,298,301,295,298,294,297,292,295,298,294,308,301,300,296,299,293,295,292,291,298,301,295,293,293,297,295,295,294,296,297,299,301,295,295,292,299,299,299,300,294,297,292,299,296,292,295,298,294,294,293,296,297,296,294,296,297,299,294,296,298,298,297,292,297,299,297,294,299,294,291,293,300,296,296,290,302,298,294,296,291,296,295,296,299,301,313,303,306,299,286,294,299,302,297,288,290,297,297,294,296,298,300,300,296,294,297,292,296,293,296,299,295,294,295,289,294,293,289,296,296,297,296,296,303,295,300,294,295,302,298,299,293,295,293,294,292,294,296,297,295,298,302,298,295,293,297,293,290,302,298,304,295,300,295,293,299,294,293,298,290,298,292,298,297,292,293,296,296,291,290,298,291,296,292
300,300,295,297,296,299,292,301,300,296,295,293,294,295,287,301,293,298,300,297,298,295,293,292,300,296,294,299,300,295,301,296,295,298,298,299,297,298,294,293,297,294,294,295,293,295,294,294,297,302,295,300,301,303,299,301,297,295,297,293,295,301,296,298,296,296,292,298,300,303,295,302,297,291,300,296,297,307,308,296,299,296,296,299,297,295,300,296,298,294,302,290,294,294,293,301,293,298,297,299,299,301,293,294,297,299,296,295,297,288,298,298,294,299,300,294,295,293,295,297,294,299,302,301,298,293,297,297,298,295,333,349,327,304,294,300,294,296,295,295,297,299,295,291,297,297,298,293,307,299,296,296,318,311,298,294,294,305,298,303,303,300,296,314,312,300,297,295,297,298,300,296,301,298,293,299,295,289,294,297,294,292,304,298,294,300,299,291,296,295,300,294,301,298,299,291,292,293,296,292,301,293,300,294,299,302,301,300,293,295,295,295,292,323,331,305,297,299,297,295,296,291,298,295,294,297,295,294,298,296,291,296,307,308,297,302,296,293,296,289,295,292,290,300,290,296,294,296,295,296,299,292,297,295,289,298,291,296,297,291,297,299,297,297,292,297,299,288,302,295,299,293,291,294,289,295,296,298,296,297,295,293,309,299,302,296,294,293,291,300,301,296,295,294,295,298,298,298,293,299,300,299,292,293,287,294,298,296,295,289,297,293,293,301,304,302,294,298,295,294,295,294,294,306,293,300,290,294,301,308,297,293,293,298,293,300,292,290,297,295,300,295,299,299,290,298,298,296,295,298,298,293,294,297,294,301,295,295,294,300,288,292,294,301,296,303,291,296,295,295,298,297,299,301,296,300,296,300,299,289,296,296,293,298,296,292,288,296,291,297,293,293,296,295,293,291,292,295,293,297,296,294,294,291,294,295,294,304,299,298,294,294,297,291,296,297,290,291,301,295,297,295,318,311,300,299,298,298,294,295,293,297,298,295,294,293,295,294,294,298,297,291,300,297,293,301,303,300,288,289,292,289,294,295,296,297,288,296,300,296,301,301,298,295,297,296,299,298,295,299,291,291,296,297,292,298,296,296,303,303,299,293,301,299,303,294,291,299,296,291,295,294,294,292,299,295,300,297,293,294,303,301,295,299,292,288,294,295,296,298,298,290
300,298,294,293,302,290,295,296,299,297,300,294,293,295,300,292,294,302,294,289,294,297,301,297,303,295,297,290,297,295,298,294,292,298,294,299,296,293,292,302,298,294,293,296,301,301,295,296,293,292,297,301,306,300,302,294,295,300,305,292,296,294,294,295,300,288,297,294,300,297,293,293,295,290,294,292,295,308,308,305,294,294,296,295,304,299,293,298,289,303,297,293,306,301,304,295,297,294,295,299,301,299,291,300,293,298,293,294,290,295,297,297,294,295,300,300,292,295,299,289,297,297,298,307,298,294,295,296,294,296,339,357,326,303,293,302,295,292,295,296,299,299,302,299,296,300,294,294,299,296,300,301,315,316,299,294,295,297,296,314,304,298,298,308,316,305,296,298,296,299,301,294,297,296,298,294,294,294,294,296,298,291,296,293,296,292,294,296,290,293,299,288,293,300,298,296,293,301,293,297,295,299,300,294,295,298,291,296,300,298,289,297,293,321,333,309,298,296,295,293,293,299,294,294,298,296,295,297,290,299,299,295,312,304,299,292,300,298,298,295,293,297,294,295,293,295,293,298,291,293,296,296,296,291,294,299,295,301,297,298,298,299,297,296,300,291,293,294,297,299,293,296,296,295,292,296,291,298,296,293,297,295,302,302,299,293,294,296,290,295,294,291,292,290,299,298,298,295,300,298,289,292,289,299,294,292,293,300,296,290,297,301,294,294,303,307,298,297,297,297,293,290,297,295,293,292,295,296,303,305,301,291,296,294,299,306,295,297,290,295,301,292,298,296,297,292,300,299,297,304,301,292,291,298,293,293,302,298,296,299,293,293,297,298,298,298,295,299,295,298,295,295,298,288,293,292,302,298,292,295,294,291,293,295,299,297,293,294,297,297,294,296,295,294,292,293,295,301,298,295,294,297,299,296,295,295,294,297,296,297,301,301,298,299,291,295,295,296,295,296,295,298,313,322,300,296,299,294,300,296,293,295,298,297,296,296,298,297,297,292,291,293,299,290,300,297,299,294,291,295,292,292,303,294,299,290,292,293,297,294,300,294,292,297,296,293,292,297,295,297,293,291,295,300,294,295,297,299,304,297,302,292,297,291,298,293,294,302,299,300,296,305,292,294,290,293,297,294,297,294,298,291,294,292,296,294,298,293,298,295,293,295
294,299,296,290,303,297,296,297,292,289,298,294,294,295,292,294,298,297,301,299,296,296,297,295,294,300,294,288,299,299,301,302,296,295,300,297,293,299,294,298,301,296,295,290,294,294,292,297,293,303,299,296,308,306,295,300,298,292,302,298,302,293,297,291,296,294,291,300,295,299,299,303,300,291,296,291,292,311,304,302,295,298,293,294,300,297,302,297,299,294,292,293,297,301,294,298,296,290,295,295,294,291,294,295,302,297,298,293,293,301,293,291,302,292,301,289,302,298,295,298,293,292,295,302,299,297,297,293,298,297,340,364,320,298,291,290,300,295,297,299,294,299,295,295,298,300,300,297,298,296,291,296,316,306,298,292,296,297,307,311,303,298,295,313,314,309,297,299,292,301,303,292,293,301,290,292,298,298,297,300,295,294,297,294,292,294,299,297,293,292,299,295,300,299,300,290,295,300,299,297,296,302,300,293,299,300,296,293,291,294,297,298,298,327,344,314,303,295,297,292,299,304,294,292,302,292,294,295,296,297,298,300,303,306,301,295,294,291,297,298,294,290,297,299,294,295,297,295,301,294,290,296,293,294,297,291,294,296,295,298,292,299,295,295,297,294,298,297,292,299,296,294,298,299,302,292,301,299,297,301,302,302,296,302,301,296,297,296,300,297,298,297,300,300,301,294,292,295,297,296,295,296,296,292,292,296,300,297,293,291,298,307,293,298,311,303,296,294,293,295,297,291,301,301,289,297,298,297,304,304,302,293,296,293,300,292,293,299,299,292,294,302,295,298,294,289,294,297,299,301,298,292,297,292,300,296,299,293,298,300,294,293,298,291,295,298,290,294,298,302,298,297,301,294,298,295,294,294,294,298,300,291,291,299,290,297,299,297,295,296,296,295,296,291,292,300,292,298,290,293,297,293,291,295,296,299,295,289,302,292,288,296,292,297,296,291,294,291,300,295,299,292,316,308,296,303,293,299,292,297,299,295,297,297,297,290,293,291,294,292,295,293,301,298,302,293,299,290,301,294,292,297,295,295,292,298,299,296,290,300,300,297,296,295,297,296,288,292,299,296,299,298,292,295,297,300,303,295,308,301,300,298,304,297,298,296,292,298,300,300,300,297,294,297,291,293,294,296,294,295,294,291,299,293,298,300,293,294,295,294,288,296
297,298,292,295,301,300,294,291,292,298,294,299,301,294,294,299,297,294,295,295,291,294,293,297,292,298,298,294,298,296,289,303,297,288,293,299,297,292,293,296,295,290,293,297,295,294,299,295,298,301,290,297,302,303,302,292,297,295,298,296,299,296,296,293,302,287,294,289,298,299,290,299,293,295,300,295,299,305,303,294,294,296,298,298,298,290,295,293,294,295,300,297,290,294,296,293,298,293,292,298,295,295,302,292,295,295,299,292,293,292,298,289,299,293,295,298,293,297,299,297,298,298,298,297,297,290,308,291,296,299,341,361,331,298,299,299,299,292,290,295,292,296,299,298,301,298,299,300,295,298,293,304,309,314,299,296,294,299,301,307,311,294,290,307,314,303,298,294,295,297,303,289,297,294,292,294,295,292,297,297,292,298,288,296,294,297,296,294,302,298,299,295,298,293,299,289,294,293,294,294,292,294,295,297,294,293,294,291,297,300,297,299,289,328,340,307,291,289,299,300,294,299,290,296,296,298,295,298,296,292,299,299,311,310,295,292,293,295,296,297,297,299,292,297,297,295,303,298,300,294,294,295,294,290,301,294,293,292,296,297,298,289,293,295,303,291,300,291,295,295,295,296,288,288,296,293,302,304,300,294,298,295,301,303,295,295,296,295,294,301,291,293,292,295,292,296,298,291,296,297,292,295,298,298,290,295,300,293,294,297,296,295,294,291,311,302,302,301,294,292,301,301,296,296,296,289,300,302,307,307,300,301,290,293,292,299,296,295,295,298,297,296,294,299,296,293,300,298,295,302,299,293,296,291,297,294,301,302,302,293,293,295,299,288,298,292,301,289,299,295,300,288,296,302,297,296,299,294,294,294,298,297,292,293,298,297,304,291,295,299,296,290,297,297,300,299,299,293,293,302,294,291,298,291,299,292,291,296,297,293,300,292,293,300,303,292,292,299,293,292,296,300,305,307,307,302,296,300,299,289,291,297,292,297,297,298,295,291,297,292,302,297,286,299,296,295,289,291,297,292,290,302,298,292,294,296,296,292,295,296,289,295,293,298,291,295,298,293,296,296,291,297,296,290,295,293,293,292,302,300,303,298,304,291,301,300,294,300,297,295,294,294,293,299,296,289,293,299,298,297,297,297,299,287,299,295,300,292,298,292,296,292
298,289,299,296,296,307,294,291,293,296,297,298,296,293,296,293,294,303,292,298,297,294,298,296,295,290,300,298,297,292,297,299,300,293,297,294,299,289,296,303,300,298,292,300,295,288,293,293,293,295,296,292,309,312,292,293,292,298,302,299,294,298,292,299,297,292,297,301,294,294,300,291,298,298,298,295,303,301,303,303,295,299,293,297,295,292,294,291,296,292,302,298,297,296,293,293,291,290,293,297,297,296,298,290,297,296,298,293,299,299,295,296,292,294,296,302,299,295,292,300,297,290,298,296,296,303,293,294,295,295,349,369,330,307,299,298,298,290,298,292,294,295,299,290,294,300,297,300,294,295,295,306,326,313,296,294,296,292,304,303,303,298,299,301,316,299,293,298,299,296,290,295,294,297,293,297,298,295,295,299,298,296,286,294,297,289,297,297,296,296,301,301,295,296,296,293,296,292,289,297,294,292,295,290,298,298,297,296,295,295,298,297,297,324,341,316,303,294,295,292,298,294,298,300,293,301,302,300,296,291,300,295,311,303,298,292,300,297,292,290,290,296,295,293,296,299,291,297,290,297,294,293,292,299,295,292,295,289,301,299,297,294,289,297,298,295,294,294,295,293,295,298,296,292,294,296,298,292,297,294,293,296,302,304,296,294,294,300,300,295,298,300,297,295,297,293,298,289,294,293,300,296,294,295,297,289,292,301,294,293,294,291,296,302,307,299,302,296,297,290,296,296,294,297,296,296,291,298,308,311,300,300,297,295,289,294,297,297,294,297,299,296,293,299,296,297,298,295,300,300,298,295,297,295,298,296,295,293,298,298,296,299,291,293,295,303,292,297,298,292,293,290,294,300,295,297,297,292,301,291,301,295,293,297,297,296,294,297,301,294,295,291,297,302,300,299,293,290,297,294,292,295,293,296,291,291,297,289,294,293,295,294,296,297,298,300,300,298,302,293,294,304,303,311,306,299,293,293,297,289,297,292,296,297,296,296,294,292,296,295,293,303,297,302,293,300,294,297,294,296,297,295,299,300,296,295,296,296,301,299,295,299,291,304,294,294,294,295,300,291,301,290,298,296,297,297,295,296,306,305,299,292,296,291,295,305,300,299,299,294,301,297,293,296,298,292,298,299,297,297,295,297,296,295,294,298,303,292,301,292,295,298
294,296,295,297,297,293,297,295,297,290,292,296,300,295,298,293,298,290,298,292,293,294,293,299,298,301,299,299,295,298,297,297,292,299,293,295,297,298,296,299,298,299,301,300,297,299,295,298,293,289,303,301,301,309,299,300,292,303,295,289,294,289,301,292,296,292,295,296,291,292,299,298,303,290,293,299,304,309,311,302,292,293,295,299,292,293,296,301,297,293,295,296,298,289,301,296,295,285,295,299,294,292,297,297,295,296,302,296,301,297,296,300,297,300,289,298,294,302,297,297,302,300,301,300,292,298,292,296,296,294,339,349,325,307,294,291,291,294,298,297,295,291,298,297,299,300,295,297,296,290,298,304,315,301,305,296,297,291,305,297,304,297,297,303,310,300,296,301,297,299,297,299,293,292,295,299,296,299,295,291,297,295,300,296,295,296,297,290,297,296,297,295,297,294,297,295,295,294,289,291,301,296,291,304,299,297,299,296,293,293,304,291,298,324,335,310,304,293,303,291,304,292,296,303,295,300,298,296,298,297,294,294,304,302,297,298,296,296,301,293,299,292,301,296,295,294,292,294,297,291,302,296,297,289,295,297,293,296,296,293,294,294,292,297,292,296,294,294,299,294,295,303,291,294,290,303,298,295,294,297,304,294,303,296,303,296,298,288,297,292,300,298,301,297,297,294,289,303,301,290,292,298,302,290,296,298,301,296,293,299,293,297,294,301,301,298,297,294,301,290,298,303,294,294,299,304,298,299,300,297,305,292,299,290,295,291,286,297,296,294,287,291,297,295,295,298,295,294,295,303,299,295,298,294,297,290,291,293,292,301,295,294,296,298,299,299,297,298,295,297,301,300,295,293,298,298,296,299,292,294,293,294,295,302,299,295,294,297,293,295,293,295,297,290,296,298,296,296,299,291,292,301,294,294,297,298,292,295,295,292,293,293,289,291,292,295,292,296,298,290,298,296,299,303,301,297,298,291,295,295,294,296,293,300,290,301,295,300,294,293,297,294,299,296,290,297,302,300,296,293,296,292,294,298,293,302,294,297,295,298,296,296,291,291,294,298,295,296,298,293,295,289,291,295,298,292,298,294,303,292,301,297,295,297,289,302,293,294,300,292,292,292,299,295,292,292,288,295,293,293,293,297,294,300,294,295,295,298,296,294,293,295
294,294,295,299,291,296,300,295,300,293,293,298,296,300,303,299,296,295,295,302,300,294,300,303,297,293,296,294,297,296,303,297,294,286,297,294,299,301,296,296,303,296,293,294,301,298,291,295,296,297,297,296,302,302,299,293,290,297,298,293,300,293,299,295,293,295,287,296,295,294,288,296,294,295,293,294,294,313,300,295,295,294,297,290,291,300,286,295,297,294,295,296,290,298,294,297,295,301,295,295,294,295,298,292,295,300,290,300,295,297,297,295,301,302,301,293,299,298,294,301,297,296,298,301,296,295,295,298,303,297,320,326,314,302,292,290,293,297,298,295,297,290,294,295,295,300,295,295,301,296,298,298,308,306,296,295,295,299,304,303,297,296,295,298,304,305,295,297,297,291,293,294,295,300,295,293,297,299,293,300,293,299,297,298,292,296,292,302,293,298,293,299,299,296,290,293,297,298,295,296,298,295,300,302,296,296,296,296,294,299,296,296,296,306,314,305,294,296,288,302,298,294,295,290,298,295,293,296,297,296,297,292,301,302,297,296,294,296,297,294,296,296,302,296,298,298,298,296,294,297,299,299,299,295,297,301,293,306,298,301,296,296,300,295,296,297,287,291,293,293,299,291,298,292,295,298,298,293,293,288,294,293,301,295,295,293,291,296,292,292,294,291,305,296,294,294,294,292,300,297,294,289,297,296,292,293,299,297,303,302,302,300,296,297,301,297,294,292,295,297,292,297,296,297,292,296,298,297,296,296,289,294,299,298,291,298,298,291,297,293,297,297,295,295,295,298,299,300,296,302,293,302,295,294,296,297,294,289,295,296,300,296,301,289,299,297,297,297,295,295,291,297,291,296,300,295,298,296,302,296,294,295,297,293,299,297,297,288,289,304,294,296,292,296,294,299,298,296,296,296,297,292,299,292,295,296,295,294,290,302,297,295,296,295,293,299,287,299,288,298,297,296,298,301,303,292,298,295,290,293,293,294,298,299,297,297,299,297,292,299,293,295,296,296,294,296,294,299,294,295,295,296,291,291,290,300,296,299,299,296,294,292,298,297,300,291,293,295,292,293,299,298,297,286,294,297,296,299,298,307,300,292,291,302,288,299,294,298,296,294,295,294,291,298,294,293,301,304,294,293,295,294,297,291,299,291,292,299,295,295,297,293
297,296,299,297,299,291,292,291,294,293,301,291,293,292,293,291,293,301,289,298,299,301,292,296,299,294,292,294,288,294,294,294,297,295,301,296,295,290,294,293,297,298,296,293,295,294,297,295,293,294,301,295,300,297,302,297,296,295,293,290,296,298,294,291,296,298,303,291,295,293,292,301,295,296,295,299,301,299,304,300,296,302,295,289,298,294,294,294,291,300,296,293,299,293,294,293,298,291,304,296,301,298,301,289,299,291,294,293,298,296,295,302,292,297,288,296,295,296,297,291,298,294,296,291,297,296,295,294,295,299,308,316,318,303,299,297,296,294,298,296,297,296,295,297,301,294,296,297,292,297,296,295,301,305,294,294,294,297,302,299,298,296,297,303,298,302,298,297,293,297,302,297,298,295,297,301,291,295,293,301,305,299,296,292,296,294,296,293,294,299,296,299,300,294,297,297,292,300,300,292,295,291,299,296,293,294,296,297,298,298,297,300,296,300,298,307,299,297,292,295,288,296,305,291,297,293,299,297,302,294,294,293,294,296,296,300,301,295,293,292,298,293,291,295,298,289,296,296,299,297,297,291,297,295,295,297,299,296,297,293,298,291,300,296,298,291,295,295,299,297,292,296,295,299,303,298,291,303,290,298,291,295,295,298,297,294,293,294,295,294,296,301,303,295,287,298,291,296,293,294,295,292,293,292,301,300,301,296,297,294,295,293,299,296,298,298,296,294,292,297,299,292,296,291,298,300,297,297,297,298,297,294,294,295,296,296,293,300,295,294,293,290,296,294,296,292,297,294,299,298,300,298,292,297,297,296,295,299,293,294,293,294,300,299,295,293,296,295,291,298,294,301,289,296,299,297,298,291,299,293,299,296,304,292,302,294,297,295,299,294,292,293,300,285,296,298,292,296,299,295,286,300,299,293,296,297,295,296,293,295,293,294,297,293,295,298,298,295,294,296,293,293,289,303,302,304,302,303,292,297,292,295,301,293,299,291,291,292,297,293,293,300,296,300,301,297,296,294,294,293,295,295,294,295,294,299,298,298,297,293,298,297,293,298,294,292,292,300,292,297,298,291,296,292,293,298,301,298,299,292,291,295,297,297,298,296,292,290,289,297,292,298,300,292,292,296,291,298,291,297,294,299,296,288,295,292,298,293,297,294,293,297
293,296,296,293,292,300,298,293,297,292,295,298,294,294,300,290,301,296,296,299,292,298,295,299,294,297,295,301,298,302,297,300,293,295,296,291,295,305,295,300,296,301,296,296,295,290,299,300,298,291,293,302,296,299,295,296,301,295,295,293,294,294,296,299,297,300,292,301,301,295,296,299,297,303,296,290,299,294,301,298,298,297,298,297,298,294,297,296,301,297,298,305,297,288,296,294,300,295,295,300,292,298,297,294,303,288,298,296,298,292,292,303,301,297,296,295,300,292,298,301,298,300,295,298,299,298,294,296,298,296,301,315,322,299,297,292,294,294,298,291,294,297,297,299,300,298,299,290,299,295,296,300,300,303,298,296,293,293,296,300,299,297,297,293,307,299,294,292,299,297,299,295,295,297,287,296,300,293,295,300,292,293,291,303,299,297,297,293,296,294,294,297,291,300,303,298,294,294,289,296,300,295,294,297,298,298,304,293,297,304,296,300,295,299,306,309,306,299,297,295,291,294,299,295,294,304,296,302,300,293,293,294,295,302,302,295,295,301,294,291,297,297,293,298,296,294,296,297,296,293,294,297,301,290,292,294,294,293,296,303,290,298,297,297,305,295,299,298,291,292,296,298,298,292,301,295,292,301,297,293,301,296,299,298,299,298,297,292,294,295,291,300,298,292,294,291,295,295,292,295,294,295,296,299,298,300,291,296,297,292,291,300,290,299,298,303,299,303,297,290,292,294,295,298,293,295,298,286,302,302,297,296,292,301,297,294,292,291,298,294,295,301,300,300,294,299,298,295,290,298,297,297,294,305,295,296,291,294,291,294,295,294,299,298,295,292,294,293,295,293,297,297,297,296,292,298,297,293,292,289,293,304,299,293,298,294,294,302,296,296,287,301,291,296,297,298,292,294,297,296,293,296,296,296,295,289,291,292,296,294,296,295,293,295,297,294,301,297,299,295,290,298,298,296,300,294,301,300,295,296,295,294,296,297,293,296,296,291,294,298,299,295,297,288,297,291,297,299,293,299,294,296,288,293,302,293,299,294,298,294,293,287,297,299,299,296,298,303,292,296,295,297,289,297,297,289,298,298,288,301,293,297,298,292,297,290,298,294,297,294,297,293,291,290,302,289,295,297,300,300,294,295,297,299,296,293,301,293,291,299,296,294
297,296,298,297,297,294,293,298,291,293,298,295,297,295,297,296,294,293,295,296,299,299,294,291,292,294,289,295,300,296,298,298,295,302,302,296,293,297,295,297,301,295,296,293,295,293,296,300,300,302,298,295,297,304,295,295,300,290,301,292,300,298,296,300,296,298,297,292,291,294,300,293,291,300,297,289,298,303,300,300,296,295,294,304,296,294,297,294,298,297,297,291,298,295,295,297,296,296,296,302,294,301,295,298,298,295,292,295,296,296,297,299,299,297,301,298,297,296,299,291,298,299,297,295,299,294,297,300,298,297,310,323,325,302,296,295,299,301,294,293,296,299,294,299,291,298,302,289,291,299,294,293,306,306,298,292,298,294,296,308,301,296,292,300,304,302,304,294,291,297,297,294,293,296,289,299,298,293,294,295,295,301,290,295,292,302,290,294,297,297,293,295,294,300,298,292,296,296,300,295,295,295,296,299,302,295,296,291,299,295,294,304,296,299,309,318,301,298,292,292,296,292,298,298,292,296,305,295,294,294,297,291,298,300,297,295,299,294,294,298,298,298,296,301,300,295,299,291,298,297,300,290,307,298,301,294,300,292,299,297,296,293,295,295,297,298,303,297,301,294,297,297,293,299,291,294,295,292,298,293,297,294,293,302,296,293,288,297,292,295,293,294,298,299,289,296,291,293,296,298,295,292,296,299,293,299,301,291,299,296,287,290,289,298,299,301,303,301,296,299,299,297,291,296,292,297,306,298,299,303,301,297,293,294,294,290,294,294,293,291,294,292,301,299,293,293,293,297,299,293,295,295,290,296,296,298,292,293,295,292,301,301,296,296,297,291,301,297,295,300,293,301,291,292,292,290,294,294,293,298,294,301,290,294,293,302,295,294,296,294,289,298,292,299,293,300,299,296,295,297,296,293,292,298,301,296,297,295,292,296,295,295,295,303,299,300,295,294,292,299,295,294,303,303,305,297,297,294,296,293,287,293,295,302,295,295,297,293,298,288,299,295,292,297,293,296,292,297,292,297,297,294,292,292,304,296,293,293,293,294,293,295,293,287,298,300,297,295,293,294,293,292,295,297,289,289,296,288,301,297,298,294,300,297,296,296,296,290,297,291,291,293,297,293,292,298,296,295,295,298,296,295,295,295,290,299,291,295,301,295,295,292
298,298,298,296,291,300,293,302,300,296,300,293,293,296,296,293,306,294,297,295,301,296,293,294,293,299,294,300,299,291,294,303,296,299,295,294,301,293,296,292,295,294,299,293,294,295,291,293,298,291,296,297,307,302,296,292,298,299,294,287,297,297,302,298,292,291,292,289,294,299,295,290,298,296,293,300,299,297,301,301,294,293,297,295,299,299,296,296,297,293,294,302,294,292,289,305,300,296,292,298,299,292,294,298,288,302,295,296,297,295,295,301,298,294,292,294,295,292,295,299,298,296,294,295,295,297,298,300,297,295,304,317,318,305,294,291,295,298,302,295,295,292,296,300,294,300,293,297,289,292,297,292,301,308,303,295,294,294,294,295,302,300,296,294,306,305,299,301,295,296,295,292,293,293,296,296,292,295,297,297,299,292,293,291,297,294,291,292,300,294,298,298,298,297,297,303,296,304,300,300,301,292,293,299,292,298,295,295,293,295,300,296,295,292,317,319,297,299,298,296,297,296,301,294,294,301,293,292,295,295,299,296,300,308,298,294,293,298,296,296,297,295,304,298,292,290,293,293,300,285,298,295,296,297,298,299,294,298,299,292,299,293,299,293,298,300,295,295,295,299,294,293,298,296,296,300,293,295,290,292,294,296,292,301,296,296,297,296,298,293,295,298,294,292,298,300,294,293,289,294,297,300,298,294,296,295,293,296,296,295,295,298,292,290,295,304,297,291,297,292,295,287,295,293,293,298,295,295,300,300,304,297,298,294,295,293,299,293,292,296,294,292,300,297,292,294,292,298,294,297,298,296,297,295,291,293,301,296,296,296,292,301,293,293,291,295,295,297,298,288,296,293,301,299,292,298,295,292,293,295,299,292,294,295,297,294,298,296,293,295,294,304,297,294,297,299,293,298,296,293,300,297,295,303,292,291,304,296,294,293,296,298,291,299,295,296,294,298,297,295,294,298,293,305,304,295,298,297,300,294,296,290,296,296,293,299,294,298,299,292,299,294,294,293,293,298,298,291,290,297,301,296,298,294,290,298,295,302,296,305,295,294,295,294,291,292,297,293,291,294,298,297,295,298,296,290,295,295,297,295,297,295,292,290,292,296,296,298,297,293,297,296,297,292,293,291,293,293,295,292,301,291,299,290,296,296,299,301,296,292,294,293
303,294,302,291,291,290,298,302,295,295,293,288,298,292,301,299,296,300,302,296,295,294,296,291,296,296,295,291,301,294,295,298,299,287,299,295,295,302,295,293,298,297,298,298,295,295,295,298,293,295,298,298,300,301,304,299,300,297,295,290,293,293,298,297,307,303,295,296,296,295,298,297,301,292,296,287,294,296,301,296,297,300,296,293,292,300,293,293,293,290,302,297,301,292,297,300,292,295,295,299,299,287,302,296,295,294,297,300,294,294,293,287,291,292,297,303,294,298,296,297,294,295,297,297,295,296,297,299,290,292,303,318,314,296,298,293,295,295,293,293,296,295,301,289,298,298,293,301,297,293,294,298,299,302,301,296,294,297,293,301,303,296,298,296,303,305,301,301,295,297,299,288,296,298,295,296,297,302,297,297,297,289,293,292,297,290,294,297,294,296,298,294,301,295,301,299,290,298,297,304,297,298,296,286,296,291,297,298,299,296,298,289,294,300,322,311,302,293,296,294,287,291,295,294,295,296,295,294,297,296,298,293,298,300,301,292,286,297,293,299,295,295,297,293,295,296,297,294,295,294,298,292,300,291,298,289,290,296,298,303,294,296,292,294,295,289,297,290,298,295,302,288,292,290,290,290,294,291,295,295,294,294,294,301,300,300,293,296,301,289,297,295,295,301,291,293,302,300,297,296,293,294,298,295,292,295,295,297,296,296,300,289,295,293,302,299,295,293,299,295,290,297,298,291,298,294,293,297,295,300,293,293,290,299,303,293,295,297,292,297,291,295,297,291,293,293,291,303,296,301,295,299,297,296,294,291,297,298,292,299,299,293,295,295,292,298,296,299,298,291,293,293,300,293,300,293,297,298,292,296,290,297,295,296,296,292,291,296,290,292,301,292,291,296,300,297,294,299,296,290,296,300,296,291,296,302,293,296,291,292,298,295,301,295,293,296,300,299,293,294,299,297,302,303,302,294,295,291,296,298,297,297,294,293,289,282,292,292,298,295,299,299,295,295,293,299,295,298,297,294,293,297,303,295,292,290,295,295,299,293,298,294,295,295,291,292,299,303,295,300,300,290,293,294,303,293,298,303,293,300,293,292,294,292,294,293,290,298,301,303,292,297,293,292,292,295,299,295,298,290,293,295,298,297,292,294,294,304,296,296,291,295
288,294,298,292,297,296,291,291,296,291,301,305,293,293,295,296,300,291,295,295,298,300,291,293,297,296,295,295,291,300,294,295,294,294,299,294,293,294,300,299,294,298,292,293,294,292,291,293,297,294,295,297,298,304,298,300,296,296,298,299,301,302,295,300,299,296,292,295,295,296,294,293,290,295,297,300,296,304,301,298,295,294,298,286,292,295,296,296,295,295,294,301,296,297,298,291,304,297,294,296,297,293,287,295,297,299,300,295,297,290,293,294,292,297,293,290,295,298,301,294,295,297,299,293,301,293,292,300,295,300,303,325,326,302,295,298,294,291,297,296,294,295,299,299,298,294,293,300,296,292,298,300,307,309,301,295,296,297,295,291,303,297,300,294,305,304,299,295,292,297,291,295,302,294,302,296,298,288,299,296,299,297,292,294,301,291,298,301,289,297,291,301,301,295,295,294,295,293,294,297,298,300,292,288,297,295,299,298,293,290,297,298,297,299,314,314,307,297,294,292,293,295,298,294,295,305,302,297,296,294,296,299,296,298,300,294,295,291,298,289,300,295,294,297,299,296,295,295,292,293,291,298,300,300,298,295,289,299,293,297,299,299,297,293,298,297,295,293,291,297,293,295,297,292,290,296,297,297,296,296,292,293,298,299,301,296,297,291,297,298,291,299,291,295,301,297,294,294,297,291,289,301,298,293,300,299,294,298,293,295,290,293,297,300,301,305,300,299,295,290,302,295,293,295,295,296,294,292,296,301,301,304,298,293,300,295,299,294,291,294,299,298,290,295,294,302,294,298,294,297,298,295,303,293,294,294,294,294,296,297,299,299,291,289,300,294,295,299,292,301,294,293,296,294,295,297,300,295,291,298,295,298,295,297,294,291,296,303,293,296,293,295,295,294,302,294,290,300,298,300,290,290,303,290,299,300,300,295,293,298,295,293,298,294,299,292,294,301,299,293,297,291,300,302,308,300,302,295,295,297,297,296,294,292,297,288,293,299,300,293,293,293,295,298,290,295,298,297,298,297,294,291,299,290,297,292,293,293,290,297,298,294,295,301,294,294,297,289,295,292,296,293,297,295,296,286,294,294,296,298,292,298,299,297,295,288,294,295,302,303,297,295,294,295,303,298,299,300,299,295,295,293,293,292,300,294,296,291,296,297,293,297
297,303,292,296,295,293,296,300,294,298,301,293,299,294,292,291,296,289,296,295,296,299,293,299,289,293,301,304,296,296,294,299,291,296,295,295,302,290,301,301,298,290,299,302,294,288,298,302,293,292,294,293,303,305,300,297,298,290,298,288,292,296,300,297,300,299,297,291,302,296,293,294,296,293,297,294,298,298,303,288,291,292,293,293,295,294,300,295,292,298,295,297,293,295,296,300,294,293,298,296,295,297,293,292,291,289,301,294,299,294,292,293,299,293,296,297,297,292,293,297,291,295,298,296,305,290,293,296,296,292,300,335,322,305,296,294,297,301,298,297,290,295,294,291,297,296,300,297,297,298,303,292,300,313,303,293,293,296,296,294,302,296,299,306,304,305,306,297,299,289,292,293,294,292,298,298,302,302,293,291,293,295,293,293,294,297,296,289,296,297,298,297,291,299,301,295,298,297,296,293,291,296,300,295,292,297,297,292,302,296,296,295,294,298,324,316,300,298,295,298,292,297,294,294,292,295,295,295,290,296,288,300,301,293,300,295,301,294,294,295,292,296,300,299,296,298,298,296,292,294,296,296,289,296,297,298,293,296,296,298,293,296,298,290,296,291,294,297,296,303,294,294,296,296,290,295,293,293,294,294,295,298,295,306,295,293,300,295,296,295,294,298,294,299,294,297,299,297,297,295,287,292,291,297,294,300,295,299,289,295,295,299,295,291,300,301,299,291,296,300,296,300,296,298,301,302,300,292,299,306,294,293,294,298,301,290,295,298,297,299,292,296,295,293,298,293,291,294,296,294,295,297,292,302,294,295,299,298,293,292,293,300,295,297,297,291,303,299,292,294,288,290,295,295,295,287,293,289,291,293,291,297,296,299,297,293,294,298,292,294,300,297,296,292,299,294,301,295,298,291,291,293,302,293,289,298,291,294,298,293,296,294,296,296,296,288,295,295,293,292,302,293,302,307,300,300,299,298,292,298,298,295,292,292,299,291,299,294,292,297,290,295,295,299,297,294,299,295,295,297,298,295,299,292,294,298,290,298,301,296,301,293,304,295,290,296,294,289,293,296,290,294,297,291,296,298,290,296,295,299,299,292,297,297,295,298,295,290,295,299,297,293,301,294,299,293,297,288,296,296,291,294,300,293,293,289,299,294,299,300,295,294
294,295,297,294,297,299,296,295,301,297,293,292,291,295,296,294,298,297,297,300,298,298,299,300,293,290,298,296,291,297,291,295,299,292,291,297,296,297,301,295,298,298,295,296,293,301,291,295,290,300,296,296,289,303,301,298,295,294,293,286,294,299,295,301,294,298,301,293,302,297,292,298,290,299,291,294,291,294,301,298,300,297,297,293,300,297,300,296,301,292,298,300,290,291,296,296,300,296,301,294,297,295,287,297,304,290,300,296,298,296,295,296,298,292,295,300,297,295,295,293,293,292,296,291,301,298,293,293,298,294,310,336,334,303,298,301,293,296,297,307,296,293,293,292,295,296,298,289,296,296,291,293,302,308,307,293,298,288,295,299,302,297,290,303,302,304,302,293,296,291,296,294,298,295,298,292,297,292,296,298,290,299,295,299,293,295,296,298,294,296,293,283,302,295,300,297,297,290,292,292,297,293,295,288,300,295,300,293,297,289,294,299,298,294,313,317,298,294,297,299,294,295,289,294,288,293,294,289,297,295,295,289,297,307,297,293,290,292,294,290,293,296,291,296,293,293,292,293,301,292,298,298,290,294,295,299,300,293,294,293,303,295,297,296,292,293,297,300,291,294,297,289,294,297,293,293,294,295,302,289,292,284,292,301,303,295,295,295,289,294,301,290,290,294,299,298,303,294,302,298,300,297,296,294,290,297,294,298,298,294,295,294,294,296,296,307,299,291,294,299,299,301,295,301,298,299,294,293,297,308,300,290,301,292,293,296,294,296,292,301,300,295,296,298,296,294,295,293,299,298,302,298,296,293,300,298,293,297,295,295,296,293,296,302,297,296,292,296,303,296,297,294,298,297,291,297,287,298,297,300,299,292,297,290,297,293,296,289,295,290,290,296,296,300,298,296,296,299,296,301,291,293,291,292,294,291,296,296,296,293,299,293,296,300,302,294,300,298,298,290,302,293,296,310,301,306,294,295,296,294,296,301,295,293,295,296,291,297,302,296,299,288,295,293,296,290,296,296,298,302,294,293,298,298,293,294,301,294,299,295,295,300,293,300,295,303,291,297,294,301,299,299,293,295,296,300,296,294,304,297,299,295,291,295,293,297,299,296,297,298,292,294,290,295,290,295,290,293,293,295,295,301,296,296,295,298,293,297,294,292,291,293
291,296,293,294,298,297,295,291,293,296,298,297,294,300,293,302,293,296,297,292,293,297,294,295,294,298,292,304,297,292,297,300,295,299,301,303,295,293,301,295,296,298,297,298,299,296,296,296,290,290,297,299,297,299,294,295,300,299,298,300,296,302,299,299,292,297,294,301,293,293,292,292,304,292,299,295,290,301,302,296,298,296,298,291,294,306,293,299,299,296,294,290,298,298,294,294,294,293,299,299,302,295,293,298,303,295,297,297,295,292,292,297,300,298,292,295,294,299,301,294,298,301,299,295,294,299,290,291,298,297,304,334,333,294,291,300,293,295,290,295,297,301,293,292,295,294,298,292,293,299,302,298,305,303,300,294,296,296,301,298,297,297,292,299,303,308,298,294,298,291,297,295,296,296,293,295,298,295,293,299,300,297,295,297,291,296,300,297,301,292,298,294,297,299,290,298,294,298,294,292,298,295,297,299,302,294,297,302,296,292,296,293,297,301,323,315,304,297,296,291,298,289,293,295,299,294,299,298,297,295,300,294,299,304,306,294,294,297,297,293,297,286,300,297,291,298,299,291,296,293,299,292,292,293,290,299,296,292,289,295,299,300,289,295,295,289,292,295,299,301,300,291,302,290,297,298,292,300,295,301,300,295,294,300,304,296,293,303,299,295,301,292,296,298,292,294,294,300,294,299,297,293,303,291,297,296,289,300,298,294,297,292,296,298,298,312,296,294,302,299,298,298,295,291,298,300,295,293,298,309,304,297,300,296,296,299,292,293,302,294,293,290,296,294,298,296,295,291,298,297,307,297,294,290,298,294,299,297,288,293,299,291,298,295,292,295,295,291,293,290,298,299,297,293,289,294,289,299,297,292,299,294,291,291,300,298,297,298,292,296,295,295,292,299,299,303,295,298,291,296,301,296,292,289,293,291,292,294,292,292,298,296,297,300,292,294,293,294,301,292,293,298,295,305,300,300,295,295,301,295,301,296,297,291,301,295,300,298,301,294,291,294,293,294,295,296,298,290,293,290,293,290,299,289,295,298,301,295,294,293,300,290,297,298,299,295,292,299,293,297,299,293,293,290,298,292,293,296,293,296,297,294,294,296,290,293,292,298,299,300,291,292,295,296,288,295,298,297,299,297,291,290,290,298,294,295,293,297,293,296,293,292
297,298,295,292,299,288,299,298,297,296,301,296,292,303,300,299,292,296,297,301,295,294,294,297,297,295,293,302,287,297,296,288,294,299,293,294,300,298,301,293,296,294,293,297,290,299,294,298,293,299,295,293,305,311,300,302,301,298,295,299,302,297,294,294,301,295,291,296,287,295,291,293,296,298,295,296,297,298,303,299,294,292,298,298,295,295,296,296,290,293,294,297,296,293,296,293,289,301,301,297,297,301,300,296,292,297,295,298,295,297,296,296,298,292,293,299,293,299,298,296,295,296,293,298,296,299,294,298,296,297,302,341,341,296,297,295,300,292,291,293,296,294,300,302,291,298,294,289,297,300,291,290,301,308,301,298,302,294,296,297,301,300,297,298,309,300,292,294,297,288,294,289,297,298,298,291,300,296,294,298,297,298,301,297,294,300,294,293,295,293,299,300,290,295,289,295,285,297,294,292,296,294,296,295,295,297,297,293,293,294,296,296,292,296,311,314,303,298,296,293,297,288,298,298,295,295,298,299,289,301,291,293,298,296,299,296,291,295,293,297,288,293,305,295,294,296,298,297,296,294,291,291,296,293,293,297,297,299,300,301,294,291,297,295,297,296,296,294,303,301,298,298,300,292,295,299,297,297,286,299,298,300,296,298,296,296,295,295,297,290,294,292,297,303,298,298,298,301,296,287,295,291,295,297,293,295,293,298,293,293,297,294,292,293,297,305,291,291,299,294,290,296,298,291,293,295,295,298,297,306,303,296,299,297,295,292,293,297,296,300,293,297,302,294,294,290,299,303,302,299,300,293,300,297,294,299,297,298,296,299,298,303,295,294,292,290,291,304,293,291,300,298,291,301,295,297,297,296,293,292,291,291,296,296,292,301,300,300,289,295,298,289,296,297,291,295,288,296,295,291,294,288,298,294,293,295,295,294,298,291,293,291,297,295,298,300,298,296,292,299,297,293,299,304,299,298,302,299,295,296,296,292,299,299,297,292,291,296,296,298,292,290,289,289,300,293,295,297,301,293,294,295,291,295,289,298,290,291,300,299,296,297,296,291,300,297,291,295,302,298,297,297,294,294,292,298,298,299,295,300,303,294,292,291,295,300,300,293,293,296,289,301,294,293,295,293,286,301,298,293,292,298,295,296,297,297,295,296,298,293,298,293
292,295,299,301,302,293,295,291,296,299,295,293,297,295,297,297,292,297,298,296,293,296,302,290,300,293,295,297,295,297,297,293,298,292,297,300,295,293,294,296,295,294,294,294,299,299,294,296,295,299,292,298,297,306,306,298,297,296,299,297,295,295,294,296,295,294,291,297,297,293,290,292,288,302,296,291,297,299,303,297,297,293,302,294,294,296,299,300,299,295,297,298,300,293,298,291,291,301,295,291,299,301,290,295,300,300,292,296,296,294,302,296,299,291,296,294,300,298,293,298,293,297,303,294,296,299,300,293,296,298,307,338,336,299,293,297,297,296,292,297,300,299,295,290,298,294,297,292,298,291,303,293,294,310,304,301,297,293,295,298,303,299,295,299,311,300,298,292,298,297,294,298,294,296,304,297,293,295,296,299,292,294,294,286,301,295,292,296,298,298,289,299,293,296,298,297,295,291,295,300,296,298,296,290,295,293,294,292,297,292,301,300,299,296,313,319,304,300,292,299,300,299,297,296,297,297,295,294,291,299,298,295,298,304,299,301,299,294,296,296,296,297,296,300,301,300,286,297,296,297,293,294,298,294,296,293,298,295,300,301,295,293,299,295,299,295,299,299,296,302,293,299,295,293,295,292,297,295,296,301,295,297,301,305,293,297,300,300,294,294,294,292,289,294,295,294,290,297,289,292,296,294,294,296,291,291,295,296,298,292,301,290,291,299,301,307,297,300,290,298,296,296,296,297,299,296,297,296,298,299,304,296,299,291,296,294,300,289,296,298,298,301,292,288,296,294,294,297,294,307,293,299,303,304,293,291,292,296,292,299,297,298,294,291,293,291,296,291,297,296,300,297,291,294,291,294,295,296,289,296,294,297,296,293,293,299,297,293,296,296,297,305,301,297,300,299,294,295,294,302,294,297,300,291,296,298,294,298,295,294,292,297,293,296,302,294,294,293,296,301,296,303,296,310,309,302,299,301,299,298,299,295,294,292,297,290,296,300,297,298,293,286,293,293,295,293,292,301,295,297,293,293,291,292,297,292,297,291,293,294,296,294,299,293,300,294,292,291,299,287,297,296,295,294,296,301,297,302,294,293,300,294,295,293,298,296,296,297,296,297,300,302,297,293,291,294,301,286,295,292,294,294,295,294,295,292,299,296,290,296,296,300
293,292,292,294,299,296,295,295,302,298,288,295,294,296,299,294,293,297,302,297,294,296,296,296,291,293,296,293,288,297,297,297,297,304,303,293,294,300,301,293,298,294,295,292,294,292,301,293,296,300,301,292,294,309,298,295,290,295,297,293,293,296,297,293,290,294,300,296,291,298,296,304,296,302,296,292,299,299,304,300,298,298,291,299,297,295,298,295,299,286,298,295,296,300,296,297,301,294,298,295,294,297,289,298,299,292,298,298,300,300,294,298,293,299,296,290,297,293,297,296,294,291,297,294,291,300,296,298,290,292,304,347,333,306,292,293,297,291,296,296,292,295,296,293,296,292,293,295,294,291,296,293,304,308,304,293,297,294,293,299,300,298,293,305,311,302,303,301,293,296,293,298,292,295,294,289,294,296,290,300,294,295,300,294,295,288,300,291,302,297,292,291,295,296,300,292,294,297,302,293,295,296,291,296,297,293,295,296,302,297,288,292,297,306,319,313,295,295,298,292,297,298,295,297,296,289,297,295,294,293,296,299,305,303,298,302,296,290,296,294,295,302,296,297,298,293,295,297,292,297,294,298,296,297,297,293,293,295,297,290,295,300,302,290,299,292,295,297,295,293,290,299,300,299,291,302,296,297,294,296,290,298,297,296,302,292,294,297,299,299,295,292,291,294,298,296,299,294,291,298,289,295,294,291,298,295,290,295,292,295,292,295,298,299,306,299,303,296,297,294,299,296,293,299,297,299,295,300,297,311,301,296,297,302,298,291,291,296,298,298,292,292,297,301,288,296,295,294,296,298,305,296,300,301,297,291,296,298,292,292,296,297,296,299,294,291,301,295,297,295,302,298,299,293,290,296,297,296,296,300,298,294,298,296,295,294,296,297,294,297,295,295,292,292,301,295,303,291,302,298,297,296,298,298,297,289,299,297,297,292,291,291,290,302,297,295,299,294,299,293,295,299,301,307,304,304,299,294,293,292,298,294,304,294,303,294,294,295,298,291,291,299,299,293,297,299,294,295,296,302,291,296,298,294,298,288,293,301,297,299,299,297,303,291,298,298,293,292,298,298,292,300,295,292,299,292,292,294,304,298,296,298,304,297,296,292,294,292,302,300,295,295,295,301,295,296,301,299,300,298,293,297,293,297,295,294,298,297,295,291,293,306
295,294,293,297,291,294,293,292,295,296,293,301,289,301,290,300,293,295,296,295,301,299,294,288,296,300,300,297,300,293,301,296,289,297,302,298,296,291,294,296,298,292,294,301,298,295,301,295,293,300,301,301,301,302,299,296,296,298,298,299,301,288,297,292,298,294,293,296,292,300,297,288,296,293,299,294,298,294,308,291,294,298,293,299,296,298,295,292,292,291,294,296,296,297,295,296,301,298,296,288,296,292,295,296,294,293,295,296,295,300,299,291,297,300,295,298,299,296,296,297,291,294,297,292,301,295,296,295,295,289,306,339,335,303,305,303,294,293,292,294,299,295,296,294,292,299,298,292,299,302,303,296,307,312,305,294,293,290,298,297,302,290,297,299,314,303,288,296,297,295,303,300,294,295,299,299,295,291,295,289,295,292,299,299,297,295,295,291,296,295,296,299,293,295,290,298,294,295,300,294,298,294,292,300,295,293,298,298,295,291,303,297,298,293,318,313,301,293,297,298,302,300,292,295,294,296,299,293,296,292,298,295,297,313,299,294,296,291,293,298,298,294,295,301,295,294,295,296,297,298,292,297,290,296,290,297,295,289,294,297,301,301,300,301,294,291,298,296,297,296,297,297,293,298,295,298,296,295,297,296,291,296,298,298,298,291,295,290,300,300,294,295,290,297,297,292,298,297,292,298,293,298,296,299,296,297,292,300,295,295,295,298,291,299,302,309,302,295,296,295,293,297,293,304,296,298,294,297,292,307,303,297,297,303,293,294,297,290,296,299,301,294,291,298,290,296,295,297,298,296,302,299,298,300,292,300,297,293,293,291,295,294,293,295,292,300,290,295,293,300,295,296,296,291,297,297,299,291,295,294,299,300,292,299,293,297,296,293,293,301,296,296,290,298,296,297,291,298,297,289,292,293,291,294,293,290,295,291,302,293,298,298,295,300,300,294,296,299,299,294,299,295,299,313,298,296,298,297,294,295,299,294,296,294,296,298,292,287,297,297,298,294,296,294,295,296,296,295,295,296,296,295,295,295,298,303,300,294,299,292,295,294,292,297,298,294,290,291,296,292,300,295,294,291,293,296,289,302,300,298,301,297,289,298,296,291,302,300,297,296,296,300,302,297,291,295,293,291,298,290,295,289,295,294,293,294,298,299,302,295,296,292
300,297,293,301,294,298,296,298,297,298,299,296,294,297,289,305,298,302,291,297,299,295,297,287,302,296,298,301,297,300,296,296,299,292,292,289,294,300,295,294,299,298,290,298,293,294,296,291,296,300,295,291,301,310,300,302,295,291,295,292,298,300,294,295,296,292,299,292,300,293,299,294,297,295,294,300,299,303,307,300,304,290,290,296,296,294,299,305,301,296,296,300,301,294,292,295,298,306,292,294,300,296,305,294,293,299,297,290,294,296,298,294,298,300,296,295,291,291,295,300,306,295,299,292,297,295,297,299,300,297,311,350,338,303,294,295,293,298,292,288,299,293,300,293,297,295,293,298,295,292,295,294,307,313,301,297,295,289,296,296,304,300,300,296,314,307,303,287,291,292,295,293,298,297,292,296,292,297,297,290,301,294,296,299,287,292,294,295,294,292,296,296,296,307,290,293,296,295,297,301,296,298,296,299,293,298,292,296,298,293,297,299,292,298,322,328,298,292,294,295,299,292,295,295,294,292,298,299,300,297,299,296,300,310,294,294,292,298,299,290,297,301,300,298,293,295,295,298,301,298,297,294,293,296,296,301,296,297,296,293,292,293,291,297,299,297,297,296,289,297,297,296,290,292,295,300,296,302,294,293,299,294,294,301,303,301,286,298,296,296,300,293,295,298,294,297,298,296,303,296,294,291,294,297,298,300,299,298,292,292,293,295,295,296,302,311,295,296,291,299,297,294,295,295,292,298,301,297,304,306,309,296,296,295,291,298,293,294,293,293,298,292,302,296,295,292,292,301,290,293,296,296,297,296,295,290,298,296,290,291,294,294,292,299,295,294,299,294,294,296,296,293,294,293,296,294,294,298,293,298,296,302,297,292,296,300,294,293,297,295,289,294,288,296,292,296,288,298,297,299,300,293,296,298,296,297,292,295,292,292,297,296,298,297,288,298,291,293,294,296,297,295,297,308,304,300,294,295,298,292,292,293,292,294,291,293,297,298,296,291,290,297,291,302,295,295,298,298,287,298,299,296,299,296,291,292,289,295,300,296,299,292,301,292,292,294,294,295,297,299,301,293,301,297,300,295,292,296,294,301,304,292,297,296,292,296,296,299,303,295,298,298,293,299,293,303,299,292,294,298,296,299,295,297,291,292,296,291,292,296,300,290
302,303,297,298,295,297,291,290,299,299,298,297,300,296,293,294,289,296,298,292,297,294,296,294,296,298,297,292,296,298,300,297,297,303,300,296,294,300,300,294,294,299,305,297,291,296,296,292,290,301,300,300,295,304,302,297,292,296,295,298,293,294,301,299,297,296,293,296,293,289,300,291,296,287,297,291,294,302,304,296,298,294,295,292,297,300,297,295,290,297,300,296,302,295,299,293,291,293,297,297,290,299,299,295,298,297,298,294,294,289,297,298,290,300,296,298,289,295,293,297,294,292,295,292,297,290,297,293,293,299,304,346,337,303,297,294,300,293,296,295,299,296,296,295,295,293,299,296,299,300,296,291,315,309,301,298,300,299,293,295,304,297,299,301,311,307,301,299,297,298,296,289,297,292,294,298,294,301,303,294,297,289,299,296,298,290,291,298,295,295,296,300,300,296,299,301,294,300,294,294,298,293,291,293,295,297,290,301,295,289,295,295,292,298,326,323,302,300,298,294,297,294,294,290,294,288,297,296,297,294,290,295,304,312,302,294,293,299,292,293,295,299,298,295,295,296,293,295,294,300,297,290,291,298,298,295,298,293,295,298,294,292,298,297,297,296,302,301,292,297,293,296,297,299,293,298,298,301,297,297,300,300,300,301,298,296,295,303,296,297,290,292,293,295,300,296,294,293,288,299,295,298,300,296,300,298,298,299,301,299,296,297,295,295,300,301,295,289,295,301,303,292,298,298,296,294,294,294,296,301,296,294,298,288,297,298,298,296,294,300,297,296,298,297,300,294,299,298,298,300,294,291,297,289,299,296,290,297,295,302,295,296,295,294,300,294,300,294,295,296,298,301,293,296,295,298,296,295,296,297,295,291,292,291,293,297,295,291,291,300,296,293,297,300,299,298,291,296,289,289,298,295,300,288,290,295,298,294,292,299,300,286,302,302,300,290,293,300,292,299,295,300,301,308,312,304,292,297,293,291,300,295,295,294,299,294,296,300,295,290,301,295,294,301,294,290,292,297,295,290,295,290,296,293,288,302,294,292,298,298,295,295,297,298,297,290,294,293,302,298,298,303,298,295,295,294,298,302,296,298,301,295,296,294,293,294,297,300,299,298,294,291,296,299,295,295,294,298,300,298,297,293,294,291,304,297,293,295,300,286,299,296
293,295,293,295,298,298,297,294,290,300,293,298,296,293,294,297,303,292,293,297,291,298,298,291,293,298,296,301,297,299,299,301,301,295,297,298,291,299,294,298,296,298,296,293,295,292,295,298,289,296,303,296,298,307,305,303,300,295,295,295,295,297,299,298,297,300,296,295,297,292,297,294,298,300,298,292,299,300,306,299,299,294,291,297,299,295,296,291,297,295,298,303,296,296,297,299,293,295,293,300,296,288,298,298,295,298,296,293,294,299,290,297,303,292,303,295,299,297,299,297,296,295,298,301,296,294,293,291,289,299,304,348,333,304,297,301,299,295,295,296,293,298,292,294,292,294,299,298,292,296,295,302,306,313,304,292,296,297,295,300,307,297,299,295,310,307,295,296,292,297,306,298,297,293,299,295,296,297,293,296,295,300,298,299,297,294,295,301,298,298,295,298,296,293,295,295,300,293,294,295,295,292,296,294,297,294,294,298,303,298,296,299,296,298,324,319,303,301,292,296,295,299,289,290,298,300,292,291,291,293,295,296,303,307,304,296,297,298,299,297,294,298,293,297,295,298,291,299,295,295,299,296,300,300,297,294,299,289,302,293,297,297,300,290,288,297,297,296,289,294,292,292,301,290,295,297,299,288,297,300,297,288,299,294,301,296,298,296,289,290,294,294,299,294,298,295,293,293,294,293,292,299,291,294,295,300,298,293,295,294,296,295,298,291,304,304,308,300,292,300,291,295,291,289,291,295,299,289,297,303,301,299,297,294,293,290,302,293,296,301,294,299,296,303,301,293,292,298,295,299,302,297,298,289,294,293,291,295,298,298,297,296,294,292,295,292,300,297,295,295,296,298,296,299,293,295,293,299,291,290,290,293,297,290,293,299,291,298,296,293,294,298,300,296,300,295,292,291,293,302,295,296,295,287,300,298,295,297,300,289,295,297,291,296,296,291,295,296,294,292,302,296,304,309,302,297,298,296,295,298,296,295,302,295,289,293,293,296,298,302,293,298,299,294,295,293,299,292,298,291,295,298,296,292,296,296,299,297,295,296,292,297,295,296,303,294,299,298,303,291,298,295,303,292,296,297,291,293,301,299,291,300,291,295,296,291,297,297,295,299,298,291,296,297,298,293,292,289,295,298,298,295,303,293,293,296,298,299,291,293,291,295
294,295,296,298,298,292,299,294,303,298,296,295,303,294,298,293,303,294,290,298,293,296,290,300,298,299,297,297,295,295,300,291,295,293,297,298,295,295,298,295,292,292,293,292,298,297,295,294,291,298,302,295,297,306,299,295,294,288,301,295,295,301,292,300,297,292,298,298,297,298,295,299,296,297,296,291,290,300,309,296,304,300,292,301,297,295,298,301,290,298,303,300,297,295,294,296,300,294,299,293,294,295,306,299,290,292,294,296,304,294,293,296,300,291,290,287,297,298,298,297,294,294,294,295,297,292,292,293,295,293,300,356,340,296,295,297,300,300,295,289,295,296,303,298,300,295,298,295,294,301,295,302,305,314,303,291,295,293,297,303,295,300,292,298,308,309,304,293,301,292,297,295,294,297,300,296,296,293,293,301,289,292,294,297,303,290,301,293,292,297,294,295,299,296,294,294,301,295,294,293,297,298,287,294,300,295,299,298,297,300,298,297,300,297,329,319,298,304,292,299,299,298,293,298,302,294,299,294,298,298,296,296,295,311,305,297,297,303,292,294,298,291,297,296,292,289,296,298,300,301,304,297,292,296,300,297,299,298,298,295,291,296,297,290,297,294,299,298,300,297,294,297,297,295,294,293,295,302,291,290,293,291,300,292,301,298,301,291,293,291,294,298,291,295,299,293,298,298,297,297,297,297,297,299,297,290,305,297,300,299,294,297,294,295,303,303,298,295,292,286,295,293,290,297,297,296,295,295,291,304,304,298,290,297,292,294,300,298,295,301,300,300,295,299,301,292,302,294,294,296,305,290,296,298,292,293,290,296,296,299,291,298,298,293,297,292,297,294,295,301,294,297,295,293,289,292,306,290,299,293,294,291,295,294,297,300,294,294,295,293,294,298,298,295,297,294,303,288,295,298,297,294,292,294,298,299,299,294,295,292,292,296,295,300,292,295,304,298,293,294,298,297,295,309,307,296,306,296,302,297,296,294,296,299,299,295,294,296,295,293,297,296,294,296,292,294,298,293,301,297,297,302,290,290,293,293,298,298,298,294,292,295,299,296,292,297,294,291,295,290,290,299,291,293,293,296,298,292,299,303,296,295,291,295,297,295,294,293,303,301,296,295,296,298,300,296,291,294,296,296,297,298,300,293,300,301,296,292,299,300,295,296
290,291,294,297,294,291,301,303,307,291,291,295,295,295,299,293,294,298,303,297,299,299,295,301,296,297,294,295,297,301,296,295,293,294,300,300,290,299,303,296,296,294,297,296,299,296,300,291,295,291,296,304,298,311,305,294,294,289,298,297,292,300,291,296,293,292,291,298,297,296,298,299,295,290,296,292,301,300,306,295,297,298,293,291,286,297,297,292,294,295,300,291,295,291,295,292,301,296,289,292,301,297,293,302,292,298,296,298,301,294,296,296,295,294,293,294,299,290,298,303,298,292,291,303,295,293,297,301,297,302,301,346,338,303,299,295,293,292,306,295,296,291,291,303,294,296,293,295,301,298,299,299,309,307,303,290,293,295,295,305,301,298,295,301,308,303,300,298,290,302,294,299,293,293,298,296,293,300,297,293,298,301,296,294,290,292,297,294,298,290,297,290,294,294,289,297,290,293,299,292,296,296,288,293,295,299,300,295,299,300,296,298,293,303,331,317,300,294,293,288,294,297,287,299,290,295,295,298,299,292,300,295,299,309,307,292,295,298,301,297,296,292,296,293,298,298,299,294,300,290,296,298,290,298,299,296,294,289,296,294,298,294,293,298,295,297,298,297,298,301,295,293,296,296,296,291,304,290,301,294,296,297,288,301,297,296,294,300,294,296,298,307,291,298,293,304,292,293,301,297,295,294,303,299,294,298,298,292,297,292,298,294,287,296,308,307,290,292,295,290,298,298,302,289,297,295,292,288,296,306,298,303,296,298,297,292,300,297,300,301,301,293,300,289,294,295,297,291,295,301,298,299,295,291,301,293,299,295,294,293,289,294,296,291,294,292,295,293,295,295,295,291,298,296,298,300,293,294,293,298,298,293,290,300,302,296,295,296,296,295,296,293,294,297,296,297,297,297,299,299,294,291,299,298,298,296,288,301,294,296,299,298,298,296,295,297,301,301,288,294,301,294,299,313,300,301,302,297,298,298,296,292,290,298,293,298,299,289,297,300,297,296,295,297,294,296,299,291,295,294,290,299,286,295,286,298,297,295,294,297,294,288,299,297,297,293,298,294,291,298,293,289,297,293,288,299,297,295,297,303,295,295,305,289,300,291,297,299,303,299,295,293,294,294,297,302,298,291,297,298,298,298,294,297,297,296,297,297,301,297,298,301
298,297,300,298,292,305,293,301,302,294,294,302,297,296,292,299,301,296,296,293,297,297,293,292,298,304,295,295,289,294,297,294,301,299,295,296,292,301,295,293,291,295,296,297,300,298,296,300,290,297,296,294,302,312,306,295,295,288,297,290,296,295,302,295,295,296,295,296,297,299,298,299,292,298,294,290,296,308,304,294,300,293,296,296,298,289,298,288,295,293,294,298,300,302,299,293,292,293,293,300,296,291,299,292,296,291,294,294,296,290,297,296,289,291,296,294,296,294,294,298,297,293,297,300,289,296,295,297,298,303,311,354,344,303,297,297,295,290,294,291,293,295,297,295,286,296,294,297,290,299,299,293,305,314,301,293,293,288,295,301,307,300,296,296,311,305,297,291,299,301,299,302,292,302,292,298,298,296,295,293,298,293,292,295,297,295,296,295,300,295,296,296,302,294,292,290,294,295,295,290,295,294,300,302,288,302,289,294,292,299,295,289,290,304,333,326,301,298,301,291,297,295,292,292,293,298,292,296,304,297,298,294,299,308,304,298,292,291,290,303,297,294,298,297,293,296,296,296,295,291,297,299,296,295,293,292,292,300,295,295,300,291,300,295,290,299,290,298,300,298,294,290,290,296,292,295,294,294,298,296,297,297,302,299,303,291,290,298,295,288,297,294,295,298,296,297,292,299,297,298,294,292,291,291,294,299,286,299,298,297,292,295,296,292,304,313,297,295,295,293,300,293,292,302,298,303,294,291,298,301,303,295,298,290,293,295,292,294,299,294,295,298,295,298,297,296,294,289,298,294,304,296,293,294,293,297,295,291,300,295,296,299,290,294,294,297,294,297,294,298,292,293,303,292,291,295,295,292,296,294,295,295,299,295,296,299,299,296,292,290,298,295,291,295,296,300,295,294,299,291,296,296,296,296,296,294,298,292,295,298,298,293,297,302,291,292,297,300,291,293,296,300,299,317,306,309,298,297,294,294,302,297,290,288,291,296,301,292,305,290,293,296,296,299,303,297,292,297,297,295,294,297,295,294,292,293,292,293,292,301,296,293,294,297,298,295,295,294,304,294,292,292,297,296,295,300,296,297,302,300,302,304,295,301,294,294,294,295,302,300,295,294,297,297,299,290,295,295,300,294,297,296,298,293,293,296,292,302,300,293,297,295
299,294,293,300,297,292,295,297,295,296,295,287,295,297,298,297,297,295,297,293,294,298,296,296,296,296,296,292,291,299,301,294,299,293,296,295,289,293,295,298,291,293,299,295,298,296,298,299,291,298,299,299,302,312,299,291,288,296,296,297,297,292,296,299,294,297,300,300,300,293,295,295,294,295,297,296,296,306,302,298,296,291,301,291,297,291,295,297,302,302,297,297,296,296,302,291,298,298,291,296,299,293,299,297,294,301,296,302,294,298,292,294,291,298,298,298,301,298,291,292,296,288,294,295,294,304,296,299,291,295,311,361,347,308,285,302,293,289,298,297,296,295,299,297,299,298,291,299,297,297,298,296,310,312,302,298,291,294,292,303,309,300,302,303,315,307,298,299,296,292,298,295,291,301,299,295,287,303,297,292,297,298,299,293,297,292,294,299,300,301,302,299,295,296,289,296,294,293,292,302,299,300,294,290,292,293,293,296,295,299,290,301,301,306,328,322,299,290,291,296,294,291,294,298,299,290,294,294,293,296,289,290,301,312,309,295,291,298,297,299,298,290,296,295,300,290,300,295,290,294,292,292,298,291,302,294,294,302,293,294,288,298,287,296,294,299,289,286,296,291,289,294,293,300,300,298,298,302,295,296,292,297,301,306,301,294,291,297,296,292,294,301,294,296,296,293,294,301,302,300,298,291,296,299,296,300,303,300,295,300,296,292,298,297,305,309,297,292,299,298,295,299,303,295,305,296,293,298,296,313,308,294,293,291,298,294,288,303,295,292,295,292,295,303,293,294,292,302,295,306,295,297,301,302,297,299,289,294,294,302,298,295,295,291,302,288,301,300,296,291,303,295,297,297,294,292,292,294,296,295,294,288,297,300,299,296,287,297,295,294,293,289,300,289,296,294,296,295,298,294,296,290,296,298,295,298,291,300,298,293,294,293,300,292,294,299,294,298,295,293,296,297,298,312,305,295,298,299,298,297,298,292,291,297,301,300,294,299,289,296,292,295,294,300,293,286,299,293,295,293,297,298,298,296,295,298,293,300,294,289,300,292,295,296,295,298,293,298,298,297,297,297,294,290,304,294,296,298,297,299,303,300,299,296,298,298,298,297,292,297,297,293,292,297,295,301,292,294,290,295,300,297,301,297,296,293,294,299,295,296,295,296
304,294,297,291,297,300,298,295,300,293,290,294,300,294,300,294,293,292,297,292,299,290,294,295,296,290,295,296,293,291,301,296,295,294,293,298,290,296,292,293,297,295,297,299,297,297,302,298,294,306,292,298,302,306,306,300,299,295,290,301,294,295,301,298,297,296,298,297,293,297,297,290,290,296,291,295,293,302,310,292,299,296,294,297,298,290,298,289,294,292,293,294,300,292,297,291,293,299,288,296,303,296,297,294,296,296,294,295,296,294,297,300,301,291,298,303,294,292,293,296,295,298,297,295,293,299,299,291,300,295,311,373,344,303,298,294,296,294,293,303,293,297,290,297,293,302,295,290,295,298,293,302,310,314,302,297,291,301,301,303,304,299,293,303,317,313,300,293,296,296,289,295,297,296,297,298,296,295,291,295,295,291,290,297,296,300,298,297,297,296,300,293,298,289,294,297,296,295,296,292,293,293,294,290,297,297,295,299,295,293,301,291,300,306,341,318,299,295,296,289,294,291,298,292,294,295,295,297,289,296,299,296,298,306,299,297,298,298,287,292,297,293,298,296,296,296,294,290,298,295,292,293,299,290,293,294,295,294,296,300,293,299,295,297,294,291,295,295,291,295,300,297,294,292,295,297,296,292,300,297,297,291,292,302,307,291,298,294,298,297,295,297,296,294,300,295,293,299,300,294,289,300,297,297,298,291,300,298,297,293,288,297,294,296,308,303,299,294,293,294,289,300,296,299,295,291,295,291,298,312,308,297,294,290,299,295,296,292,287,297,296,295,302,299,294,288,295,300,300,299,295,293,296,291,294,296,298,299,294,292,297,296,292,288,305,292,294,296,294,292,292,292,293,299,302,296,297,294,292,290,298,292,297,292,293,291,298,296,296,295,287,298,295,292,296,294,300,291,297,294,298,299,297,292,288,293,298,294,298,298,296,293,301,297,299,291,300,293,295,294,298,293,301,313,307,296,299,298,293,299,297,300,296,294,295,293,288,299,296,295,293,291,296,292,297,297,300,300,297,296,295,296,294,295,301,294,295,296,297,298,290,293,290,292,298,294,294,294,288,294,297,293,296,290,292,294,296,298,300,300,295,297,297,292,298,295,294,298,301,295,289,298,296,300,297,299,292,293,291,294,291,295,299,292,296,293,295,292,298,299,296,296
300,297,299,294,299,299,296,293,298,303,295,294,292,300,296,294,298,294,297,299,295,297,298,301,299,298,296,292,297,299,296,297,296,297,295,299,297,299,297,296,294,297,297,291,297,299,296,299,298,299,296,299,310,305,296,296,296,293,293,296,297,299,294,299,293,300,298,293,294,298,299,288,296,297,297,301,295,302,306,310,294,292,288,299,293,293,295,297,294,292,296,299,297,296,291,292,297,290,296,292,290,300,300,292,297,296,297,296,296,297,294,300,297,299,300,296,299,293,294,300,289,298,295,292,301,297,297,302,291,299,316,370,344,309,296,289,299,296,301,298,295,298,299,297,297,296,291,296,295,297,304,294,310,323,304,298,295,298,289,301,311,297,295,304,322,304,297,289,296,296,297,293,297,290,302,296,288,295,298,298,297,306,296,296,295,293,295,295,294,298,297,295,302,288,296,294,299,287,288,297,297,293,293,296,290,291,301,286,289,299,287,295,298,299,340,328,308,291,295,301,294,303,297,298,296,292,298,294,293,295,290,293,309,315,301,299,295,293,296,296,291,296,293,297,300,293,294,294,291,295,296,295,291,296,298,288,301,297,296,293,295,295,293,297,293,294,299,297,300,294,299,297,291,301,297,297,294,300,295,295,289,299,303,306,302,299,293,294,290,296,295,298,285,298,302,297,298,295,296,292,296,295,296,301,294,291,301,289,298,294,290,295,293,297,310,312,301,296,288,298,298,302,298,293,294,299,297,294,298,305,305,299,298,295,300,289,297,298,294,295,294,298,297,300,299,289,294,299,292,296,303,295,299,294,293,292,291,292,291,291,293,296,294,298,296,294,299,298,295,296,291,297,292,299,307,290,299,291,293,292,294,293,294,298,296,298,298,290,293,291,293,299,300,295,294,293,303,289,293,299,295,296,300,302,298,300,298,295,296,292,299,298,291,298,296,294,298,293,289,293,293,293,302,314,311,304,300,300,295,298,295,298,289,296,298,296,298,297,299,290,291,295,294,296,293,296,296,293,294,296,291,295,295,296,295,288,297,295,300,293,293,296,296,291,297,295,294,287,295,291,296,298,295,296,293,299,299,291,297,300,303,301,300,294,294,290,295,300,296,299,295,295,301,298,296,288,293,294,294,294,296,296,295,301,297,295,296,286,295,299,297,297
298,294,297,294,301,297,300,293,301,298,301,303,296,304,296,298,292,295,300,297,298,296,297,298,297,289,297,292,302,297,292,296,294,297,296,294,296,295,300,300,298,293,297,296,293,294,296,298,295,298,295,300,303,310,304,300,297,293,294,299,296,299,296,296,289,300,289,296,299,296,294,299,300,296,292,289,296,305,309,301,298,298,294,295,296,299,296,292,294,301,295,297,296,290,295,293,287,297,304,299,298,293,293,300,293,297,291,301,298,299,300,300,298,296,300,291,297,294,298,290,300,291,300,305,297,296,298,290,300,297,314,378,345,301,297,300,298,299,298,301,296,293,294,296,295,294,297,292,297,296,291,301,313,315,308,301,299,295,295,306,303,290,299,291,319,304,305,293,300,296,300,295,296,287,299,295,295,295,298,299,301,290,297,301,300,293,295,290,297,298,296,299,293,297,296,295,298,296,295,294,297,295,298,292,294,299,295,300,292,290,296,296,297,303,342,326,301,297,296,296,301,296,296,298,293,299,301,293,299,295,294,294,303,310,298,292,292,293,297,293,295,289,292,297,295,294,299,293,299,299,299,296,296,290,293,297,302,296,295,295,296,300,294,295,296,290,294,297,298,293,298,298,294,301,290,297,297,295,302,295,294,300,296,301,305,295,296,287,300,295,292,304,299,295,295,297,303,295,300,293,289,295,296,302,305,296,294,292,300,296,295,295,291,290,306,312,303,289,298,292,295,292,292,297,297,295,290,287,303,307,310,302,300,293,291,292,292,301,299,294,300,295,291,290,294,291,292,295,299,299,297,302,289,296,296,294,293,293,296,295,292,294,294,291,289,292,299,293,303,292,295,292,302,295,293,296,298,291,298,294,296,298,297,294,298,292,299,294,305,296,289,294,294,292,299,299,296,298,296,300,298,292,298,296,305,296,294,298,296,293,298,294,285,297,296,295,295,291,291,300,298,296,300,317,306,304,298,304,298,297,299,293,290,298,287,286,300,295,299,299,293,299,295,302,288,295,296,294,296,293,297,297,294,299,291,293,291,293,295,294,290,296,296,294,293,292,298,294,298,295,294,297,293,288,295,293,297,295,305,302,302,296,296,295,296,300,292,296,298,295,289,291,295,292,298,288,291,295,298,294,291,293,298,293,288,295,289,292,293,294,297,299
295,293,295,295,298,299,298,297,295,292,295,298,299,290,296,298,293,297,298,294,296,296,295,294,295,298,295,301,296,299,298,294,300,295,296,295,300,284,293,297,295,298,297,296,294,303,299,293,297,301,296,294,303,311,302,297,302,298,295,297,294,304,298,300,292,303,296,292,295,301,297,296,298,301,299,297,299,307,306,299,304,293,290,294,294,297,301,295,303,294,297,294,298,296,296,298,292,295,303,299,296,289,299,299,299,301,295,296,297,294,299,296,295,298,290,297,301,295,292,290,298,292,292,301,304,295,294,298,298,294,315,374,350,300,297,300,293,297,296,294,298,293,299,298,287,295,288,294,293,297,303,299,310,318,302,295,300,296,296,304,313,298,290,297,318,306,298,296,300,298,293,294,293,295,295,295,294,296,292,295,294,294,290,293,291,297,299,297,294,298,299,301,299,290,296,303,294,297,292,293,300,294,294,296,292,301,291,298,296,293,299,296,295,299,339,331,296,295,299,298,292,298,291,296,291,292,296,294,292,296,293,295,304,311,301,297,294,298,287,291,297,297,293,293,292,301,293,300,295,292,296,297,295,290,298,293,297,290,300,291,296,295,298,295,293,298,294,294,296,293,291,293,291,298,299,291,296,299,295,292,297,293,305,312,295,305,288,300,301,293,301,299,293,291,301,293,301,292,295,292,293,286,295,297,293,297,295,297,298,293,296,292,300,302,301,307,305,294,296,293,291,297,298,297,292,294,294,300,300,311,313,298,300,293,300,299,293,294,293,300,297,294,292,290,296,295,298,298,297,297,303,289,292,303,297,291,294,298,298,296,295,295,291,302,292,293,296,299,299,297,294,292,290,298,291,301,292,302,296,295,293,297,294,288,293,297,295,298,294,302,293,294,301,295,294,299,293,297,292,298,297,297,295,307,292,294,291,300,294,290,298,291,301,293,295,293,296,299,291,290,298,295,307,318,308,300,299,294,291,290,299,295,297,295,293,299,299,296,296,296,294,297,298,298,298,292,290,296,297,294,298,300,293,298,295,293,294,295,296,298,297,292,297,298,292,293,297,293,293,292,293,295,297,298,295,295,296,292,294,300,295,295,290,295,291,294,296,300,293,299,298,298,290,302,292,297,299,295,300,297,294,298,290,295,296,295,296,299,301,297,294,300
297,295,297,292,294,295,297,298,297,290,293,292,294,300,293,302,293,294,292,301,290,294,299,297,296,295,295,299,293,298,296,295,298,291,301,289,288,294,303,296,296,297,295,297,297,293,294,300,298,294,304,295,304,310,303,295,297,290,295,298,295,300,303,293,289,301,297,289,293,293,301,294,295,298,298,297,293,304,304,299,292,294,293,299,292,299,299,298,302,300,295,292,300,294,297,288,290,293,305,293,293,288,301,299,297,299,297,298,294,300,292,287,300,288,298,295,295,295,293,294,300,289,300,299,293,299,294,296,295,299,316,376,348,305,302,301,292,299,292,295,301,293,301,292,296,294,298,301,297,295,298,295,316,314,303,295,295,295,299,305,308,301,298,299,315,311,302,297,295,297,290,297,296,291,296,298,296,293,298,297,293,297,295,299,301,298,293,297,294,302,299,295,297,294,292,289,298,297,298,297,298,295,298,301,297,299,294,298,293,300,287,297,300,308,334,327,299,298,296,300,303,299,290,295,299,295,290,298,297,289,294,295,300,311,304,295,295,302,300,296,298,295,294,293,296,295,296,288,292,296,290,303,296,295,296,297,296,292,295,297,290,291,294,296,294,295,297,297,290,299,294,289,289,299,298,298,298,296,290,294,297,295,300,304,300,297,296,298,296,290,293,295,301,300,294,300,303,295,291,295,296,296,295,297,292,295,289,298,290,291,293,290,296,297,306,308,299,301,295,295,292,295,298,291,299,291,295,302,303,302,302,298,302,299,301,291,296,299,296,296,295,289,300,298,296,291,288,297,299,296,308,286,296,295,300,296,300,290,303,298,295,290,297,293,291,297,295,298,293,295,299,294,293,298,292,302,296,299,296,293,294,293,294,293,295,295,288,297,300,296,292,297,297,296,296,293,294,301,296,293,292,289,296,297,294,297,292,297,296,295,294,293,293,301,293,294,291,295,297,298,295,294,306,314,302,306,294,303,293,297,293,296,297,295,291,295,294,302,292,300,295,296,294,295,295,295,294,297,287,293,296,296,301,295,296,293,299,295,298,298,295,293,294,296,294,301,302,293,297,292,293,293,295,296,294,299,298,299,302,310,296,290,295,299,298,295,289,303,302,298,295,293,295,293,291,292,301,294,300,298,293,298,297,295,294,290,291,293,292,297,295,292
293,293,291,294,303,292,293,293,294,294,302,294,294,289,294,295,296,291,303,300,284,297,302,292,297,295,298,297,296,294,297,296,296,295,301,299,295,291,292,295,299,297,297,292,297,298,298,295,297,301,297,294,304,309,306,296,295,302,297,293,296,297,291,293,295,296,291,300,297,288,293,295,290,299,305,297,296,297,306,301,295,290,295,293,301,291,294,297,288,290,294,296,298,291,290,295,289,299,292,297,295,301,297,293,297,295,300,292,295,295,291,294,292,289,293,292,302,298,289,300,291,298,299,298,296,293,300,293,295,300,316,371,348,304,300,296,291,294,290,297,299,298,296,292,301,294,298,295,294,300,300,296,309,318,303,296,293,293,297,303,306,296,295,296,316,310,303,297,294,299,295,297,294,294,298,293,300,298,297,298,288,295,297,291,295,290,303,295,296,296,293,292,303,298,296,298,295,297,294,297,291,295,285,296,298,297,299,299,290,294,297,292,302,304,339,322,310,293,295,299,294,303,301,291,294,290,294,294,286,300,295,300,308,307,304,295,293,295,290,304,298,295,295,291,292,291,293,293,299,294,301,292,295,292,295,295,296,296,290,296,286,298,292,291,297,295,297,299,291,300,295,298,296,290,294,292,296,296,291,299,294,289,297,312,302,287,300,294,290,297,291,290,299,296,295,294,294,292,294,293,300,297,298,293,293,293,293,293,292,290,294,291,294,294,305,306,301,295,289,298,296,295,294,296,301,294,292,292,300,312,304,301,297,297,293,301,291,291,295,301,292,296,303,291,296,295,289,300,294,304,300,297,292,290,290,295,293,299,295,298,294,294,301,299,297,292,299,294,300,301,293,295,300,290,300,292,297,295,300,300,293,293,293,293,298,289,297,297,298,295,299,299,298,297,289,297,298,296,292,295,297,297,294,297,293,295,298,292,296,295,291,289,296,293,300,299,294,299,293,293,301,295,298,318,306,302,301,296,294,297,297,297,294,289,301,290,297,293,293,299,293,296,291,291,294,296,297,292,293,296,289,294,296,292,300,291,290,291,297,294,292,287,294,289,295,295,295,298,294,295,296,293,298,298,295,300,292,298,300,305,303,297,299,297,296,292,299,295,294,302,294,301,300,291,297,296,296,292,295,296,290,299,298,290,297,290,297,292,300,299,292,297
296,295,295,293,303,294,297,295,296,289,292,295,296,295,294,294,299,301,299,298,298,299,298,292,295,290,304,297,301,292,295,296,297,293,296,300,289,295,299,292,293,302,295,297,292,297,298,301,296,292,302,297,303,309,303,294,303,293,297,293,293,295,295,298,296,295,304,292,286,291,290,297,301,295,297,297,297,312,311,299,299,296,296,296,293,291,300,297,300,298,298,297,300,301,298,290,294,295,296,298,293,296,301,298,296,288,289,293,292,294,289,298,298,297,295,288,296,293,293,293,298,302,293,303,300,297,300,292,294,296,310,377,346,312,305,297,296,293,298,294,297,288,297,295,296,297,297,293,296,294,297,295,310,319,302,289,298,301,294,304,304,303,302,298,317,303,294,291,299,293,297,288,297,295,293,294,293,294,294,296,298,293,291,302,303,298,295,296,300,301,294,290,291,299,294,298,303,299,294,294,299,296,297,299,296,291,291,295,294,292,298,292,291,309,345,324,301,292,297,301,298,297,294,299,291,299,300,295,293,297,299,300,303,315,299,295,297,296,291,296,295,294,293,295,296,298,299,297,295,290,302,292,299,296,297,290,300,296,299,294,295,296,295,291,295,293,297,302,298,292,287,300,287,297,297,297,301,295,296,296,297,290,294,307,295,297,301,288,294,295,299,297,291,297,297,294,302,296,294,296,292,296,293,290,297,293,299,284,294,293,297,291,292,292,309,311,303,300,292,294,296,297,292,295,294,294,293,294,294,310,308,296,297,291,298,294,296,295,299,299,302,293,290,301,296,296,297,299,305,301,307,297,293,297,292,288,297,298,295,297,297,300,296,299,293,298,297,292,302,295,294,301,296,298,293,293,298,296,295,297,300,297,300,299,303,300,298,293,299,294,298,296,291,292,295,290,293,291,298,293,296,301,294,294,300,298,299,297,298,294,297,293,294,293,298,295,301,301,296,291,299,300,303,316,313,304,305,292,284,290,293,292,301,289,296,292,300,296,297,292,299,299,295,295,297,295,295,293,302,293,298,292,301,293,298,288,297,291,297,291,290,303,294,298,295,287,294,296,299,300,284,298,294,292,293,292,297,297,297,305,293,293,302,295,292,293,295,297,293,296,292,295,296,298,295,295,294,303,297,296,289,296,297,297,298,297,298,300,298,293,291,295
294,301,297,297,289,293,286,296,299,297,296,292,298,290,294,298,298,298,297,299,302,297,297,297,293,299,296,293,301,299,295,305,298,294,291,289,293,296,292,294,303,296,294,290,294,293,296,294,297,295,296,293,295,317,307,295,298,300,292,294,300,302,291,293,295,296,294,299,293,294,297,291,295,294,296,299,303,309,311,307,296,292,295,293,292,295,293,293,299,295,300,295,292,298,301,303,297,292,300,299,298,298,290,298,294,295,299,291,298,295,295,297,295,298,299,292,294,290,298,294,299,293,293,300,297,291,296,291,298,293,315,367,342,305,294,299,292,302,296,295,288,302,290,298,293,298,300,293,298,296,297,301,312,315,309,296,299,292,296,307,311,299,294,300,313,308,297,290,297,293,298,293,294,297,298,295,299,299,293,301,293,300,294,301,294,296,296,300,299,298,290,297,298,299,292,301,296,287,299,294,297,295,300,294,291,298,299,292,293,293,296,295,289,312,348,331,301,295,293,292,299,298,298,298,295,295,293,297,295,301,297,293,304,312,306,293,295,299,301,297,295,289,302,294,294,289,294,292,297,302,294,294,296,299,294,301,295,294,287,292,296,294,291,297,292,296,295,302,294,296,302,293,294,299,297,291,295,287,297,295,296,298,301,300,301,295,295,295,298,297,294,292,293,296,299,293,300,297,293,295,300,297,293,293,297,297,296,293,296,293,293,289,292,294,309,313,296,297,296,295,297,298,291,293,293,295,295,283,306,308,308,298,288,297,294,295,293,299,299,297,301,298,294,297,299,292,296,294,300,307,302,294,289,296,298,302,297,290,301,302,300,295,296,292,298,300,299,292,294,296,295,295,297,294,298,294,292,294,294,290,295,301,299,299,294,292,290,292,294,298,294,296,296,297,298,294,304,290,299,294,299,299,293,297,300,299,297,292,292,289,297,292,297,293,294,288,294,291,294,296,297,290,299,317,307,302,300,294,293,296,296,296,294,299,295,298,302,305,299,289,299,293,300,297,295,293,296,294,295,296,293,292,297,296,300,298,295,289,292,296,294,289,294,299,298,295,296,292,291,297,293,299,298,298,296,293,298,294,302,307,298,291,297,297,298,293,295,298,303,302,294,302,295,299,298,296,294,292,292,297,301,292,296,296,297,299,296,291,298,300,298,290
305,298,287,293,298,298,295,299,298,295,296,300,293,290,294,298,295,300,298,295,298,298,298,293,296,300,295,300,303,294,295,291,293,294,301,297,291,299,297,290,299,294,295,298,296,294,296,300,294,293,295,299,307,311,298,295,297,300,296,297,295,292,295,302,304,298,293,299,296,295,294,303,294,295,294,301,298,305,312,295,291,291,301,295,295,291,292,302,297,292,298,293,299,293,296,298,293,298,292,290,295,291,295,299,301,295,295,293,295,295,292,295,299,303,294,297,292,299,295,295,293,296,297,302,296,298,294,300,298,298,316,375,350,310,293,300,296,295,299,292,299,298,290,292,294,296,293,293,296,300,296,291,314,315,303,288,292,298,300,300,310,297,297,304,318,312,301,293,293,292,297,296,291,297,301,295,299,292,301,291,299,302,299,299,293,293,288,292,300,293,298,292,299,294,297,290,295,297,293,292,296,293,299,294,296,299,295,298,294,297,297,297,294,300,346,330,301,298,294,292,297,296,292,296,295,300,295,293,296,295,294,293,305,312,298,295,298,292,291,298,294,294,293,296,290,291,302,296,290,295,293,296,297,288,296,300,289,297,299,294,294,288,293,294,296,295,296,289,297,293,299,301,293,303,298,292,295,291,290,297,294,294,297,306,299,299,292,292,298,296,296,297,296,301,290,294,287,294,293,294,292,296,299,294,298,291,294,295,299,293,300,296,295,295,305,309,305,293,299,295,293,292,294,298,295,290,301,296,299,315,301,299,296,293,296,296,291,294,300,295,300,292,297,298,290,296,297,296,296,302,299,297,297,294,296,297,288,298,293,296,297,294,296,290,296,298,293,289,293,296,296,296,302,296,296,298,294,295,294,297,296,288,293,297,297,294,301,291,293,297,294,296,294,298,295,302,295,295,294,298,291,294,292,296,295,294,294,297,295,299,301,302,302,293,291,297,299,302,300,290,297,296,309,320,310,305,300,296,297,294,296,299,297,292,294,294,302,286,298,294,296,294,297,291,294,295,293,298,291,290,298,300,297,294,295,291,295,296,292,292,295,303,293,296,294,300,294,295,293,289,299,295,290,297,295,296,300,295,300,302,301,296,298,297,284,295,292,296,301,300,299,300,291,298,289,296,297,293,292,296,292,292,294,296,294,295,293,299,298,297,299,295
292,295,294,289,298,294,300,294,294,288,298,298,299,300,291,294,300,294,290,296,295,295,297,289,296,302,293,297,296,296,297,295,297,300,291,294,290,301,290,301,299,296,296,295,298,301,290,294,297,291,295,296,305,307,298,300,297,298,293,296,296,295,294,296,294,293,295,297,299,298,295,292,297,293,297,302,294,310,310,301,298,293,298,299,296,297,294,298,298,301,295,289,298,296,295,290,291,291,296,291,303,293,299,292,295,295,294,296,295,300,295,293,297,300,302,292,298,300,296,296,290,295,298,298,300,294,296,298,297,297,321,380,353,301,297,294,289,293,294,299,298,292,295,293,295,296,295,290,298,298,293,294,312,319,299,298,293,296,299,304,310,299,301,302,318,313,298,297,297,292,298,295,294,297,296,295,292,297,297,298,295,297,295,294,294,298,299,293,292,296,297,296,293,289,296,294,294,297,299,296,295,291,296,291,300,295,287,297,289,294,290,300,298,303,339,330,299,293,291,298,299,292,292,299,294,292,295,288,288,294,291,296,305,322,303,297,291,298,294,291,300,300,296,301,293,295,292,299,290,290,297,289,291,297,289,296,297,297,302,294,301,294,300,293,297,296,295,292,296,301,294,292,295,292,295,300,292,297,295,294,294,293,299,310,305,298,296,294,300,295,298,294,299,294,298,294,295,299,294,299,287,295,301,295,296,294,302,295,292,297,296,294,301,302,309,311,297,297,293,292,298,294,296,293,297,296,296,296,300,313,308,288,300,293,295,298,297,290,296,299,301,286,294,293,295,295,294,299,302,303,303,293,299,293,296,288,293,294,289,291,293,294,302,295,297,295,294,303,296,289,297,290,300,296,299,293,299,301,300,296,298,296,300,293,292,291,292,292,297,293,297,289,294,295,297,298,297,296,299,295,295,293,297,295,298,300,298,297,300,295,289,292,294,299,304,299,291,300,294,294,299,295,300,319,307,304,305,302,297,299,294,289,294,292,295,297,295,293,297,295,297,289,294,293,304,296,295,296,293,290,300,293,292,292,295,300,292,299,292,298,300,293,293,297,293,293,300,298,295,289,295,292,297,294,296,293,292,301,299,307,294,295,297,300,293,297,295,304,303,296,290,300,299,293,291,293,296,302,295,294,297,288,302,296,298,304,290,295,295,301,295,295
295,296,293,292,293,298,297,296,297,303,299,299,297,288,297,293,295,298,294,290,299,299,300,300,294,296,295,293,296,296,299,290,290,296,298,302,300,294,294,299,293,295,290,292,301,295,296,290,288,294,295,295,302,314,311,296,298,297,296,295,291,296,297,298,295,291,295,291,294,297,294,296,301,291,301,296,296,303,302,308,298,290,296,296,296,292,289,292,293,308,297,293,295,297,298,293,295,299,289,292,291,297,296,300,291,295,297,295,292,295,297,287,302,291,297,292,293,298,294,292,293,294,298,302,299,294,294,296,298,295,317,378,353,304,293,297,296,290,294,300,301,300,292,294,292,294,299,294,295,299,299,296,309,318,300,296,294,294,295,297,306,300,296,296,320,314,299,292,298,295,294,300,297,298,291,294,299,299,303,293,299,298,294,292,295,295,299,296,293,296,298,289,298,295,292,296,294,294,298,299,295,297,299,291,290,292,297,297,287,297,296,298,299,301,335,330,305,296,293,296,290,290,293,298,295,292,296,293,293,290,300,292,301,309,300,298,292,298,293,297,295,298,296,295,294,296,298,297,297,297,298,297,295,297,299,299,295,290,292,299,301,290,296,294,297,303,293,295,299,307,291,296,292,293,296,291,289,301,297,300,296,294,298,301,304,301,296,296,296,298,293,297,294,291,293,295,292,296,292,300,294,302,294,296,294,294,295,295,295,299,296,288,294,294,299,311,304,297,296,301,296,292,295,294,293,291,302,298,298,315,303,303,295,293,292,299,294,298,295,297,295,292,298,293,293,295,297,296,295,299,298,297,299,299,298,304,295,293,294,295,296,291,298,295,294,293,292,292,298,294,298,296,294,293,299,297,294,296,292,301,299,301,294,291,297,299,291,294,293,292,298,293,297,298,299,293,297,296,301,299,294,298,298,298,295,297,294,295,295,297,294,292,293,297,291,295,300,304,291,297,294,300,303,311,306,300,308,295,294,294,296,299,295,299,297,297,292,294,292,297,299,300,294,290,288,297,295,298,287,293,300,302,296,294,289,296,295,295,290,295,300,299,290,293,302,296,289,301,296,285,293,301,296,290,294,294,299,290,304,302,300,296,297,291,296,295,298,288,306,308,298,296,296,291,298,292,296,298,297,294,300,297,298,299,295,296,299,297,294,298,288,295
294,293,294,298,294,293,292,299,293,297,293,301,299,292,296,295,292,294,299,300,295,296,294,295,293,291,295,291,300,295,294,300,302,293,290,287,296,297,287,289,296,293,295,290,293,291,301,298,296,299,289,293,305,314,304,290,293,292,300,299,294,295,292,295,299,292,296,299,298,292,292,297,297,291,297,296,296,311,307,301,295,293,292,293,294,299,295,296,292,298,293,297,295,294,294,294,293,298,298,299,301,292,298,297,291,291,296,297,299,295,294,297,300,296,300,294,298,294,289,298,293,295,296,296,297,294,298,296,300,295,317,377,340,310,294,294,303,294,296,293,293,296,297,296,294,290,297,301,291,294,299,304,312,323,305,301,299,293,295,299,309,304,292,303,316,311,298,292,295,296,294,296,298,300,290,302,301,297,300,292,294,293,300,289,297,294,297,297,296,298,299,297,299,293,296,292,294,298,303,299,296,295,291,295,296,297,292,297,296,297,301,297,300,298,344,329,306,291,295,300,299,298,297,300,298,298,296,292,296,293,291,298,298,313,300,292,295,295,299,294,296,292,295,293,296,287,294,295,296,299,294,296,290,292,294,290,296,293,296,296,288,298,301,295,298,294,294,295,293,296,298,298,303,298,296,300,296,298,288,297,294,298,297,310,304,296,298,300,291,296,292,293,293,292,298,295,294,298,295,298,290,299,291,288,300,297,294,294,297,297,291,296,295,294,305,308,302,298,296,294,293,295,297,296,299,290,302,295,299,312,305,293,295,295,289,294,296,293,295,296,292,298,299,299,292,289,299,297,298,303,297,295,292,297,297,295,295,292,291,294,297,289,289,294,287,296,298,294,296,292,294,299,295,295,294,303,299,294,293,297,298,294,300,295,295,297,305,299,294,296,297,296,297,295,298,295,290,299,294,298,296,299,294,296,294,294,291,291,288,294,297,300,295,291,294,297,298,295,292,298,298,300,301,313,309,299,297,292,291,297,289,294,295,294,294,294,296,295,295,290,297,288,295,290,293,289,294,295,298,298,294,295,298,291,293,301,295,295,294,295,293,296,297,298,298,288,294,291,293,298,291,303,295,294,296,298,302,294,295,303,299,291,290,298,303,289,292,299,306,300,294,295,294,293,298,288,303,294,295,297,298,292,293,295,298,286,301,295,302,290,290,297
298,292,294,295,299,292,297,292,296,293,300,296,292,296,298,293,293,296,297,297,294,300,297,298,296,289,293,294,294,292,295,293,293,294,294,299,294,295,296,298,294,299,300,294,293,294,290,301,298,297,296,296,308,315,297,301,295,299,289,291,294,297,294,297,297,294,296,292,297,297,292,289,297,298,296,297,298,301,304,301,294,292,292,292,293,296,300,292,295,294,298,299,295,300,294,293,298,295,299,301,298,299,287,299,296,291,303,298,297,298,290,296,295,299,293,297,291,293,298,296,293,296,294,296,299,294,300,295,294,296,318,376,350,306,293,296,298,290,296,300,301,289,293,298,302,296,295,293,294,301,295,291,307,314,304,295,296,298,297,305,305,297,294,296,321,306,297,292,292,298,298,291,295,304,298,299,296,294,304,300,294,294,288,293,296,293,294,289,296,292,299,298,293,304,290,293,294,281,293,293,296,292,296,289,295,297,296,299,298,297,301,299,295,309,341,325,305,295,294,298,297,294,296,296,296,298,290,295,294,291,301,295,305,321,304,292,290,295,296,299,298,296,296,299,295,283,297,297,297,297,296,293,295,296,296,302,298,297,291,297,294,297,299,295,294,298,290,297,300,296,299,297,297,299,293,288,294,294,296,293,294,295,293,309,299,297,296,291,300,292,291,286,294,298,298,292,293,288,297,294,292,296,294,289,293,299,296,294,299,295,300,292,295,293,313,308,303,293,300,297,293,288,294,294,292,292,296,291,301,307,308,298,289,299,296,296,297,293,298,295,300,293,298,294,292,293,295,295,301,298,304,297,290,300,293,294,295,293,297,297,294,294,300,296,291,296,299,292,297,299,292,292,292,293,293,305,295,289,296,296,303,302,287,294,294,298,291,291,296,289,294,294,292,292,300,295,297,291,298,293,296,293,295,299,296,297,295,297,298,294,299,294,295,295,301,294,295,300,294,298,296,295,313,322,310,298,301,299,299,292,303,299,294,304,304,293,300,301,299,297,295,300,296,296,298,294,298,294,297,292,290,289,293,300,296,291,300,290,298,300,296,292,297,294,294,295,296,295,296,295,293,296,299,291,295,296,293,299,300,307,296,296,292,295,294,297,298,299,302,299,294,295,295,300,297,295,296,297,301,295,291,293,296,298,293,292,296,295,294,301,294,290
298,296,299,300,296,296,293,294,291,293,297,295,302,292,294,294,299,297,296,290,298,292,297,298,292,297,300,299,297,296,295,297,297,299,299,297,296,294,298,291,294,291,292,293,297,299,291,293,298,291,301,302,301,308,304,300,293,295,288,290,291,301,295,295,296,295,293,290,298,297,302,295,294,297,292,298,289,299,314,293,295,301,295,296,300,297,286,301,295,290,296,296,294,296,295,290,294,294,295,299,297,294,294,292,295,298,296,296,297,292,295,294,299,298,295,296,295,300,296,296,294,302,298,299,294,296,295,293,295,297,325,377,352,299,296,292,297,300,296,302,295,292,296,295,301,296,296,298,293,287,300,295,317,324,305,305,300,297,293,303,310,294,288,302,314,316,297,296,293,293,296,289,299,296,293,295,294,295,301,299,302,294,299,296,295,298,294,303,298,295,291,297,295,297,297,292,301,297,296,288,292,288,308,296,290,298,298,293,298,294,295,296,295,306,347,329,304,291,301,302,295,295,297,298,294,293,294,298,288,296,296,297,306,314,303,296,295,295,300,298,295,296,293,298,293,296,299,298,291,298,300,294,292,296,294,298,292,295,295,294,297,293,295,296,291,301,297,295,291,295,299,299,296,294,296,298,291,302,294,290,302,298,305,307,301,291,293,298,299,294,293,295,295,292,295,297,296,296,289,299,298,293,304,295,288,299,295,298,290,292,292,291,290,299,308,307,299,293,297,292,294,292,296,298,300,287,294,300,299,314,302,300,298,295,295,297,290,295,299,303,300,292,304,293,294,297,296,297,298,307,302,293,293,296,291,294,300,296,293,295,298,291,297,292,297,300,298,302,298,299,294,296,295,298,287,305,296,295,297,295,287,301,296,293,291,286,290,292,298,298,297,298,298,295,294,297,295,292,302,292,297,295,292,299,284,296,289,292,303,295,298,297,295,292,298,300,301,296,298,293,302,295,318,320,308,304,302,298,294,290,294,302,291,294,294,301,295,295,294,296,300,292,292,298,296,295,291,296,296,294,291,292,295,300,290,294,294,298,295,291,294,301,292,297,290,299,294,288,297,292,296,295,292,294,299,295,294,295,307,309,299,297,295,297,296,294,298,304,304,295,297,298,294,292,293,302,288,297,297,295,297,292,297,294,297,294,297,296,300,297,293,296
289,297,289,297,290,295,290,297,298,295,294,292,299,296,294,295,300,293,291,291,296,295,298,298,297,300,289,300,293,296,298,293,293,294,300,297,292,291,290,294,290,291,302,301,300,292,302,302,295,294,291,291,311,314,307,293,295,298,301,290,294,294,293,293,301,298,296,295,293,294,292,293,298,295,294,294,295,319,317,296,296,292,291,294,302,294,290,301,292,297,298,294,294,298,299,302,292,295,289,286,297,294,298,296,298,296,296,295,297,295,295,291,299,291,297,299,297,296,298,294,295,297,299,298,301,296,298,293,296,296,335,397,356,307,297,302,291,298,294,297,298,290,298,293,297,297,293,299,298,297,296,301,325,322,299,298,289,295,300,310,310,296,298,313,332,314,295,297,297,294,296,294,293,299,296,292,293,294,291,290,294,289,298,295,301,301,292,294,291,300,299,299,301,298,299,290,304,301,296,293,298,293,299,293,293,296,296,298,294,295,294,289,294,319,358,328,305,285,298,291,298,294,297,298,292,294,296,296,291,299,294,292,314,315,308,294,296,295,293,298,295,294,299,297,296,293,296,300,304,293,299,298,301,293,298,294,293,295,295,291,295,290,299,293,293,299,293,293,294,291,299,293,297,292,299,304,297,299,299,291,292,296,296,310,304,301,301,297,288,296,295,303,302,296,296,294,296,292,295,295,300,291,296,290,299,297,290,298,293,291,300,290,292,295,319,311,303,295,297,291,297,295,295,293,287,296,297,299,306,318,304,302,292,290,293,293,302,299,297,296,295,292,301,298,296,298,294,300,299,300,299,291,300,288,297,294,295,298,295,299,295,299,299,290,290,297,298,296,299,294,296,294,296,294,299,294,292,292,289,295,292,294,297,294,299,292,295,300,300,297,292,291,300,296,293,291,293,300,296,292,284,299,297,294,294,292,298,295,296,289,296,292,293,298,296,297,293,298,300,293,291,300,322,332,309,302,300,295,295,293,295,299,292,296,296,301,294,291,300,292,298,300,298,300,289,293,295,295,302,296,288,296,293,293,292,291,301,299,295,294,292,293,299,290,294,297,289,298,297,289,293,293,294,294,298,297,294,301,307,308,299,293,299,296,292,293,290,297,305,292,293,299,295,296,293,292,298,295,295,292,298,291,292,297,290,300,296,297,298,293,302,298
294,301,299,288,298,293,293,297,296,300,289,296,291,299,297,297,298,296,300,298,299,294,296,296,297,292,294,299,298,300,293,293,294,296,296,296,290,293,292,297,296,292,300,298,291,291,294,298,293,296,301,299,309,311,306,295,298,295,293,292,294,291,297,299,299,299,294,296,288,297,292,295,293,291,293,297,298,314,308,308,302,295,303,294,299,297,293,298,299,295,296,298,298,292,294,299,299,295,292,299,295,299,297,296,297,290,297,299,290,293,297,298,296,295,293,292,297,301,298,299,290,294,303,301,300,297,299,295,294,307,342,432,362,314,299,295,292,298,293,301,291,300,293,294,299,297,290,301,291,298,292,299,328,332,307,298,293,306,300,311,311,303,298,307,339,318,297,294,291,299,292,289,290,290,302,294,300,299,298,293,291,297,293,298,297,297,298,296,295,297,301,297,308,293,300,292,296,295,289,294,297,297,297,294,293,295,300,299,299,299,297,291,292,327,382,332,298,292,292,297,294,297,292,302,294,295,301,293,299,293,298,291,314,324,302,298,291,296,290,287,292,294,296,294,295,297,297,291,290,299,301,298,295,293,299,297,284,288,294,295,289,301,293,297,300,295,294,295,293,299,294,289,294,296,296,289,296,296,291,293,291,288,300,307,301,293,302,297,295,302,297,297,292,295,295,292,296,292,293,296,291,297,296,297,295,297,299,303,293,302,286,298,293,296,313,314,299,296,295,294,293,300,290,298,297,293,294,292,309,327,307,293,300,289,299,297,292,297,292,301,295,300,295,291,298,297,294,296,301,306,299,289,298,294,296,294,297,298,292,299,295,292,298,290,298,295,297,296,289,288,300,295,300,299,297,295,297,294,291,291,289,290,301,294,296,294,295,301,291,296,299,297,293,289,297,293,291,293,295,290,293,293,300,294,300,300,296,295,293,298,301,293,300,296,294,297,296,291,291,290,295,301,320,333,319,310,300,300,302,303,302,297,294,289,300,296,301,299,295,294,302,290,298,297,292,300,295,301,294,300,298,290,298,292,297,302,291,294,297,298,295,293,290,297,293,288,296,294,291,297,297,296,295,292,299,296,301,297,309,315,299,294,297,295,294,289,296,300,304,297,294,296,291,292,296,296,294,295,293,295,296,294,302,297,298,289,293,296,296,293,299,296
294,294,298,297,302,291,293,294,296,292,290,299,297,296,298,296,298,297,297,297,295,293,294,296,295,295,299,300,290,294,295,295,293,299,297,296,301,297,298,297,296,293,298,295,303,296,301,291,298,293,296,296,312,317,296,294,295,297,291,295,298,296,301,303,294,291,294,300,296,290,296,298,295,292,291,290,303,315,312,297,298,300,302,294,294,296,296,294,301,292,292,299,299,294,294,298,301,291,297,296,298,295,299,288,292,291,293,298,297,293,291,302,293,299,294,297,291,290,297,298,298,299,293,298,297,301,298,300,299,292,361,444,371,308,293,292,298,296,294,292,293,289,301,290,301,294,296,295,292,294,290,297,331,329,303,296,292,294,295,311,318,302,300,314,346,319,296,292,302,292,294,295,298,296,300,300,292,294,301,294,292,292,292,299,300,294,295,295,295,289,293,293,298,298,301,293,298,296,299,294,298,296,291,297,294,296,295,291,299,293,293,298,296,334,395,341,301,295,304,294,296,296,298,291,294,292,290,291,295,297,300,298,319,323,303,297,301,298,291,293,292,295,293,291,300,294,302,299,297,300,296,297,300,293,294,290,305,299,291,292,296,292,297,295,298,295,294,297,297,291,296,297,298,295,293,288,295,296,291,294,295,295,307,310,301,292,299,301,291,290,295,297,296,291,294,295,297,294,295,294,290,292,297,294,294,293,292,296,290,300,299,301,299,300,322,318,303,296,294,295,299,295,301,297,304,297,293,292,311,328,307,294,295,301,295,291,296,296,296,298,295,295,298,298,294,290,300,298,302,300,298,294,298,291,293,294,296,290,296,293,295,294,298,300,295,298,298,296,295,294,296,297,290,294,296,293,296,293,294,299,293,302,302,304,296,297,297,295,301,297,293,296,297,291,295,292,299,289,294,294,294,297,296,297,294,298,301,291,294,298,296,299,296,295,294,298,302,294,299,293,293,299,323,342,314,307,303,298,300,294,297,293,292,300,297,297,287,296,294,296,293,294,292,293,298,295,300,294,293,292,292,296,300,301,295,286,297,293,301,296,285,293,295,293,296,296,294,293,298,295,297,298,298,297,294,292,299,292,312,316,301,300,299,296,296,292,292,305,317,293,296,298,289,293,297,301,299,296,297,293,292,293,294,295,293,291,299,294,293,293,295,296
292,292,295,293,295,299,295,296,299,298,296,295,295,300,296,297,297,292,296,298,293,300,294,292,297,298,292,294,298,299,292,291,294,295,293,298,295,294,295,296,298,292,292,291,298,295,294,298,296,302,296,298,325,322,304,296,292,297,292,297,299,297,290,301,297,299,296,299,299,292,287,293,286,299,298,299,306,316,314,303,306,297,295,300,304,293,295,301,295,293,288,294,296,296,297,303,292,302,294,300,297,298,293,298,297,293,291,299,298,296,294,291,296,299,293,302,296,296,296,292,294,294,304,298,295,294,285,297,297,302,370,471,378,306,299,297,295,300,296,298,292,294,296,295,294,294,293,296,296,296,296,295,334,331,304,297,295,301,301,315,313,299,294,318,345,322,297,292,287,292,294,299,296,301,291,293,295,293,295,298,296,288,293,299,298,299,292,295,297,295,297,303,297,297,302,304,294,289,294,295,298,293,299,301,299,297,306,297,297,293,297,301,296,339,401,346,307,295,298,303,297,302,299,294,296,297,292,291,293,300,290,300,319,325,311,300,295,289,296,297,295,295,290,304,292,300,296,293,294,297,303,300,291,296,295,300,296,293,296,291,297,293,293,301,301,297,297,299,303,298,296,297,300,296,297,293,291,297,298,298,297,292,306,318,303,297,292,294,295,295,294,293,293,302,294,293,294,298,295,296,293,293,294,296,294,288,295,291,303,296,300,301,297,297,326,324,291,300,300,300,298,295,291,302,301,293,294,294,318,331,305,298,291,291,293,297,295,293,296,298,300,291,294,298,298,291,301,299,305,309,309,299,294,290,295,298,298,296,292,295,298,295,293,294,299,298,293,296,298,299,294,300,296,297,302,295,298,287,297,301,297,295,297,300,296,292,298,295,295,299,297,294,295,292,294,292,296,295,298,297,296,298,297,294,299,294,300,291,296,297,298,295,297,300,292,296,299,295,298,300,298,294,333,348,312,316,305,295,294,295,298,295,295,288,294,299,301,291,295,296,296,293,288,289,293,296,296,297,293,295,288,299,292,300,293,295,292,294,297,304,295,295,294,295,296,293,292,299,300,296,293,298,294,297,303,293,292,300,309,310,295,299,292,300,296,297,296,305,306,297,296,297,285,300,287,293,293,288,294,292,295,290,291,290,287,287,293,292,299,294,300,296
296,287,302,294,296,305,297,295,293,298,294,292,296,295,292,299,294,299,298,293,293,292,292,292,291,301,296,299,300,290,296,292,296,294,293,296,299,292,296,293,290,295,301,300,296,295,289,297,295,297,300,300,319,325,310,299,300,299,292,293,298,288,294,298,297,291,298,293,293,290,298,303,300,295,293,294,300,332,319,303,296,296,294,295,289,299,288,299,293,302,297,293,299,297,298,294,296,301,293,296,294,300,291,297,295,297,296,296,295,291,300,297,297,294,297,294,293,298,289,291,298,293,305,306,289,302,295,298,295,299,381,492,383,304,294,298,297,292,295,294,294,293,289,295,292,297,297,295,293,297,299,305,350,340,302,294,287,297,296,318,317,301,295,317,349,322,306,293,293,290,296,293,295,291,300,295,289,296,287,290,299,292,295,294,290,294,297,295,295,294,295,303,302,297,298,299,299,295,295,292,292,299,290,289,293,297,301,294,298,297,295,296,294,351,416,345,305,300,299,291,297,294,293,296,295,297,297,295,295,289,297,299,328,325,302,293,299,294,294,295,297,292,288,295,292,295,296,295,297,298,297,293,295,295,291,298,288,296,301,294,293,291,292,296,293,296,295,297,295,297,301,296,297,293,293,297,296,295,292,290,294,299,306,321,303,292,297,297,291,284,298,293,294,292,294,297,294,301,295,292,295,296,290,296,298,294,296,290,300,292,294,299,292,301,328,322,300,294,297,294,301,295,295,297,303,302,293,301,324,329,309,298,293,294,297,298,298,290,298,299,296,297,302,294,293,293,288,304,306,305,305,299,294,298,295,295,297,296,292,296,289,294,293,291,288,301,299,294,298,290,296,291,297,295,292,295,290,294,295,289,294,298,296,298,295,294,291,298,300,291,294,292,296,288,293,298,297,296,293,290,297,293,291,292,289,292,298,295,296,293,296,296,291,300,296,298,296,298,298,290,298,297,339,345,323,322,308,292,295,293,299,296,292,299,297,295,295,290,291,300,297,297,291,298,294,297,295,299,294,298,297,294,298,294,293,296,295,296,296,295,293,298,289,284,296,295,295,296,304,292,297,295,292,298,292,297,298,298,317,318,303,298,296,296,293,295,301,299,304,300,306,295,294,294,299,299,294,300,292,296,300,289,298,298,295,292,296,296,304,295,295,291
292,295,293,293,296,298,294,293,294,296,291,295,293,292,295,293,295,290,299,293,294,292,298,287,295,292,292,297,298,295,294,294,293,297,299,291,298,295,296,301,294,294,294,298,304,295,290,294,294,295,301,296,323,333,313,303,298,290,294,298,299,292,293,294,296,295,298,293,290,297,300,294,299,293,302,298,308,329,320,300,294,293,301,298,295,294,298,297,293,294,293,299,296,297,290,298,294,297,295,296,297,294,289,296,293,296,294,292,292,292,294,292,299,291,295,288,296,297,296,296,303,297,302,296,300,298,293,297,297,294,402,522,386,307,295,294,297,295,292,290,293,292,292,293,293,295,298,296,296,288,297,300,351,346,306,294,293,297,305,321,324,301,299,325,350,318,294,293,297,292,293,292,303,300,296,297,298,300,293,288,298,295,291,291,294,296,298,301,300,297,296,305,300,296,292,293,290,298,296,294,291,295,300,291,295,299,292,300,292,294,299,292,301,354,425,341,298,291,294,297,291,297,298,302,298,293,293,299,294,296,299,292,330,329,297,295,292,294,294,291,297,294,290,291,290,298,293,290,299,293,294,296,298,294,294,295,295,298,297,297,297,294,294,302,300,294,301,295,291,293,292,292,296,294,294,291,293,291,303,302,299,297,310,317,296,304,297,291,296,299,293,292,291,300,295,295,298,293,293,301,296,294,296,293,294,298,298,299,294,295,301,295,298,299,331,326,299,292,300,294,297,297,292,296,293,291,297,301,322,345,312,296,299,293,295,294,290,296,300,301,292,296,292,298,294,293,295,301,303,312,297,295,301,297,297,297,297,296,291,301,302,296,295,295,301,292,297,296,297,300,290,289,291,291,292,294,288,300,297,299,297,298,300,293,293,291,290,300,292,298,295,290,296,294,292,295,291,296,292,297,297,291,298,294,294,292,297,294,294,303,301,299,292,298,298,294,295,292,297,295,296,288,339,353,319,316,307,294,300,300,297,302,288,290,296,289,295,293,298,296,298,297,301,301,295,292,301,300,301,293,293,289,297,298,296,301,300,295,291,300,301,292,298,295,296,296,295,294,294,296,295,293,300,290,295,296,294,299,323,319,301,292,294,291,296,295,297,298,309,296,303,296,305,294,295,298,291,294,295,293,297,299,294,295,299,293,293,292,292,298,298,292
299,295,299,290,298,293,299,289,297,295,295,298,299,297,292,297,299,304,297,293,299,299,295,298,303,299,300,294,293,292,294,294,298,298,299,297,300,290,293,295,299,297,300,295,296,293,290,296,293,300,299,293,327,333,314,295,304,293,292,297,293,302,303,296,294,294,298,295,298,296,296,289,301,291,293,292,307,335,330,299,293,297,290,294,293,292,296,294,294,292,306,295,292,289,301,295,296,295,300,298,301,292,295,294,290,295,294,302,291,295,298,292,291,295,298,295,299,297,295,298,297,295,307,299,300,293,296,291,291,299,418,544,388,308,292,296,296,293,290,300,295,290,291,290,298,298,296,300,297,291,296,300,359,337,311,295,295,289,296,328,319,301,298,328,356,319,293,292,294,296,299,295,294,296,300,294,296,294,291,293,299,294,295,300,288,297,301,294,294,291,294,305,301,291,290,296,295,302,295,299,292,298,299,294,289,296,301,298,293,300,296,292,299,362,443,344,302,299,292,296,299,294,292,297,295,298,291,296,293,292,295,298,330,337,303,296,295,293,300,288,295,296,299,297,297,296,299,292,295,296,301,297,298,297,292,290,296,295,297,301,296,293,292,292,293,294,294,297,294,293,298,297,292,290,297,298,297,294,293,297,294,294,313,312,309,295,298,290,305,297,292,293,299,293,297,295,299,292,295,299,294,299,299,300,299,294,301,298,294,294,300,297,300,304,338,324,307,298,294,299,293,289,289,300,296,293,291,292,319,336,310,300,294,292,301,292,297,300,301,298,299,298,294,294,289,296,299,302,308,319,308,289,292,297,298,298,288,297,292,294,294,298,293,297,298,293,298,298,298,291,293,298,299,291,299,299,295,301,290,298,291,298,293,290,293,292,293,304,296,292,294,295,297,296,293,296,293,296,291,297,291,296,294,293,295,297,300,303,292,298,299,293,299,299,297,293,300,295,300,300,296,294,345,351,317,320,309,300,296,296,298,292,293,294,296,294,294,292,298,296,299,299,300,297,292,292,295,302,288,292,301,300,290,296,303,289,293,290,294,294,297,292,293,291,294,292,293,294,290,297,293,292,298,299,292,295,296,299,319,316,299,296,294,297,293,293,297,307,305,294,291,295,296,290,297,288,295,294,287,291,296,296,299,294,298,293,295,291,291,293,301,292
294,296,298,296,293,295,295,298,296,294,294,298,297,300,295,290,289,296,299,294,295,298,291,298,296,294,293,296,293,297,292,295,295,296,287,293,298,295,291,297,298,298,296,294,296,292,295,296,298,290,296,300,328,345,306,301,296,298,294,294,290,301,295,293,297,290,299,304,299,292,296,290,293,293,298,295,308,336,330,307,297,291,294,298,294,294,295,294,300,298,288,295,293,296,299,296,291,299,293,293,290,294,290,303,291,287,296,291,297,293,287,298,297,295,299,288,299,296,296,296,292,297,304,297,301,298,297,294,295,296,428,551,390,315,291,290,301,302,297,297,292,299,298,299,290,290,297,294,298,293,299,306,367,348,306,293,294,293,301,329,327,299,299,329,373,310,300,293,294,291,293,291,299,298,291,293,296,289,296,293,300,291,291,301,295,297,295,293,289,294,295,302,301,298,289,291,296,295,291,293,293,299,292,299,292,291,302,299,297,296,298,300,298,375,455,347,300,297,294,295,296,292,297,295,301,294,297,297,297,297,290,301,337,335,300,298,294,302,300,296,293,296,296,297,297,293,289,296,290,298,295,299,302,293,291,291,295,294,292,296,294,298,296,302,293,295,299,292,304,294,294,292,296,298,292,294,289,295,302,295,293,294,312,320,300,290,297,295,294,292,296,297,293,293,296,294,295,294,289,302,292,293,298,297,295,286,291,289,298,294,295,294,292,299,341,333,300,293,288,297,297,301,296,300,295,295,293,292,330,340,302,299,296,296,300,297,295,295,301,302,293,296,299,298,296,294,298,304,303,309,304,297,301,294,296,303,295,298,293,303,295,293,293,295,296,298,296,300,294,291,290,295,301,297,299,297,289,291,298,294,291,300,298,295,294,295,298,293,295,298,293,293,298,295,292,300,303,295,294,301,293,297,298,303,292,294,291,295,296,298,295,297,297,297,295,298,305,301,301,289,296,300,350,358,318,319,307,295,300,298,291,301,295,288,294,299,299,295,301,302,289,295,301,292,305,294,294,294,294,301,290,295,292,289,296,296,289,297,291,295,295,303,293,296,293,293,292,295,292,300,294,293,287,292,302,294,293,296,320,317,303,292,288,295,295,289,302,310,314,303,298,300,291,294,296,296,300,293,296,298,294,295,302,297,289,294,294,297,298,291,296,293
294,293,301,299,296,292,297,297,295,298,301,295,292,294,297,297,295,296,293,297,301,293,297,296,294,293,294,289,300,296,302,297,296,292,297,293,294,296,298,297,299,290,296,296,291,299,295,290,296,300,302,296,331,333,307,291,295,293,297,298,294,298,290,301,297,297,297,296,302,294,295,294,291,297,291,296,313,341,320,299,296,296,293,298,296,290,297,294,293,292,301,290,298,292,297,296,292,292,303,293,294,295,291,293,300,296,291,298,298,300,299,300,296,294,297,292,300,294,296,298,295,301,305,299,296,294,297,294,288,297,447,585,405,315,295,297,298,292,301,291,294,298,294,293,292,298,296,293,299,296,294,305,369,354,308,303,293,298,302,332,329,306,296,339,363,322,298,289,297,296,300,299,295,294,293,296,295,294,291,301,293,294,293,298,295,293,297,293,296,290,289,296,305,291,294,293,298,292,294,297,292,296,289,302,290,296,296,299,293,297,298,293,292,380,467,354,303,293,298,291,297,296,295,295,291,296,299,293,293,293,299,299,336,341,302,295,300,298,297,302,301,294,290,297,299,299,299,289,293,298,297,290,294,293,297,294,300,294,298,295,296,290,296,293,300,295,298,298,293,297,297,295,295,287,292,295,292,293,293,296,300,297,311,315,300,302,296,298,299,295,292,299,292,296,299,289,299,292,296,291,297,300,298,303,295,301,296,297,293,299,301,293,293,300,343,335,295,292,301,295,297,291,295,306,301,292,292,294,334,346,314,297,295,299,290,288,294,288,302,307,303,295,297,292,295,300,298,307,306,314,310,294,297,293,291,291,288,285,304,294,296,292,297,297,300,299,296,295,299,289,298,296,296,300,296,293,299,291,298,293,297,289,294,289,297,293,292,290,297,299,295,295,293,297,288,298,297,290,306,296,295,292,299,303,295,300,298,296,300,300,292,294,297,297,293,296,299,302,295,294,294,300,352,372,315,312,314,296,298,299,291,291,297,297,291,302,301,294,300,298,299,294,293,297,290,295,296,290,302,284,297,289,298,296,293,288,291,295,291,300,292,297,298,298,290,294,292,290,301,297,297,291,296,294,293,291,297,298,321,316,293,298,287,300,298,296,298,307,316,304,295,293,295,301,287,299,300,286,303,292,295,293,297,292,294,292,294,296,302,294,293,296
293,296,294,295,294,292,300,290,299,302,301,298,293,293,297,297,293,296,298,297,294,296,294,289,294,299,294,299,294,297,298,295,290,303,295,298,289,293,293,294,298,289,300,293,289,295,298,299,300,298,298,305,342,344,313,297,298,291,296,294,296,295,298,295,293,296,291,293,298,292,293,294,294,295,292,296,316,345,330,299,293,290,296,294,299,296,290,297,295,291,295,296,298,295,298,292,292,298,296,293,291,293,291,296,294,298,295,289,296,293,299,295,297,293,298,291,293,296,290,295,298,297,304,303,297,297,297,291,295,301,455,588,407,309,296,303,297,293,297,289,302,291,294,291,286,294,295,292,291,287,295,309,380,353,303,295,303,299,305,337,328,303,295,336,375,325,300,296,300,297,302,286,297,298,295,292,296,299,291,301,300,301,291,297,296,295,300,296,291,294,297,306,294,295,292,296,293,293,296,298,296,296,292,294,293,300,299,287,292,300,294,303,293,399,468,352,300,297,289,297,299,295,298,298,293,296,295,297,295,294,292,292,346,343,299,294,296,290,298,297,297,295,302,285,289,299,298,298,292,303,299,292,294,298,293,291,292,300,293,295,295,296,297,297,290,294,301,299,297,294,299,293,291,295,292,296,288,296,298,295,297,294,321,321,305,300,300,290,296,294,298,294,302,296,298,291,295,293,299,296,297,293,296,295,290,300,293,298,297,295,297,291,295,307,352,332,298,301,294,296,295,288,294,299,295,295,297,296,334,348,313,299,294,291,291,297,295,300,300,300,299,292,295,293,292,293,296,303,310,314,300,298,290,292,295,292,293,293,294,292,297,297,297,292,289,305,299,291,291,292,296,292,296,303,291,295,288,289,297,292,294,289,289,292,300,298,298,301,286,292,295,295,299,292,295,295,293,297,297,294,297,290,297,298,295,291,293,293,294,290,293,296,290,294,299,304,305,296,301,291,296,300,352,368,319,322,305,293,295,289,296,298,295,295,291,294,299,292,299,287,290,295,294,299,297,298,296,290,292,298,294,291,297,301,296,299,296,295,291,287,295,291,300,290,293,299,295,298,295,300,293,298,296,294,295,294,295,300,320,318,297,289,296,291,293,297,303,314,314,298,299,295,294,297,299,297,300,294,298,288,295,289,297,297,297,289,303,297,299,292,292,297
293,292,289,291,296,297,294,298,291,291,295,300,296,293,299,299,293,294,296,284,294,296,295,297,292,297,292,293,296,298,297,290,291,293,296,296,296,297,294,292,300,290,296,291,300,301,294,289,294,298,294,297,346,347,314,300,294,293,296,295,297,295,301,293,296,303,296,297,298,299,291,296,293,297,292,292,314,351,332,310,295,299,296,296,292,292,292,296,299,296,295,297,298,296,294,296,295,296,299,292,302,296,294,298,288,301,293,304,294,298,293,302,298,299,296,298,297,298,293,292,296,291,304,302,299,296,297,291,289,308,464,640,407,310,289,294,296,294,299,294,301,289,295,288,293,295,296,292,294,301,298,305,385,356,311,295,293,296,302,336,325,297,296,342,386,321,292,295,292,293,298,293,298,300,298,297,292,299,297,297,293,292,303,294,294,294,299,296,300,290,299,298,301,291,297,296,298,292,296,297,298,292,299,294,291,297,297,293,294,297,293,297,299,402,487,357,305,297,293,297,291,301,294,299,294,295,290,295,296,294,300,302,354,348,304,297,292,298,297,298,290,291,292,289,294,294,291,298,292,297,291,295,299,291,293,289,289,296,295,294,295,296,294,297,295,296,294,294,298,297,299,293,302,297,293,297,295,298,298,299,300,298,324,332,302,294,299,293,293,294,291,295,297,299,299,300,294,301,300,297,293,290,296,295,297,294,299,295,293,288,294,292,291,307,353,329,296,290,297,292,296,300,300,297,298,299,296,293,334,359,321,288,293,298,296,295,296,289,300,302,298,294,295,294,297,295,297,301,315,317,296,296,295,291,297,294,296,293,295,300,296,298,297,299,301,296,298,299,291,299,295,293,297,294,291,291,292,293,296,294,292,290,294,291,290,292,294,298,294,300,294,290,296,303,287,297,290,297,294,303,292,297,298,292,295,292,290,297,292,297,294,295,302,296,297,298,298,292,294,295,294,306,365,373,324,326,314,288,291,302,295,295,294,294,295,299,294,292,297,289,302,291,297,290,290,295,291,297,293,293,294,294,300,294,296,300,290,299,290,290,297,295,300,299,298,295,299,294,296,292,287,289,300,300,299,287,292,300,323,323,303,302,294,293,293,303,299,307,312,296,294,292,292,301,296,297,291,301,291,296,294,294,297,300,294,297,292,293,297,286,289,290
297,293,297,292,299,293,292,295,288,298,298,295,292,294,296,293,300,301,301,297,286,298,293,290,294,296,298,300,296,297,297,296,295,294,298,295,293,295,291,295,299,297,297,290,296,293,294,301,294,297,293,306,337,349,314,298,290,300,292,298,297,296,294,290,296,292,299,295,294,296,293,294,297,291,297,298,314,360,322,301,297,295,301,288,298,299,295,297,293,298,296,300,299,300,296,299,299,294,294,300,294,297,294,290,300,290,296,294,297,288,298,293,292,290,293,293,290,293,296,294,296,291,301,296,301,295,299,290,297,300,496,649,419,306,292,300,294,295,297,295,291,296,294,295,294,296,293,293,299,300,296,313,394,357,310,295,295,300,306,340,338,301,294,349,388,323,303,296,290,302,295,296,296,295,297,288,303,294,294,297,295,291,290,289,292,296,292,287,296,294,301,304,300,292,294,290,292,289,291,297,287,290,293,291,292,293,293,297,291,295,294,294,296,399,506,367,302,292,295,291,296,292,291,296,300,293,294,294,294,290,297,298,354,347,305,294,299,291,294,296,291,289,297,294,292,298,300,284,296,304,292,300,296,292,301,293,296,294,292,300,291,294,291,290,296,296,299,299,298,297,292,294,293,290,297,296,299,294,295,288,300,297,324,339,307,293,297,297,294,299,292,295,297,295,297,295,297,299,293,297,292,289,291,297,294,296,300,298,295,296,298,293,299,304,356,335,301,296,299,290,292,288,300,293,301,297,293,299,332,362,307,299,292,294,299,294,297,305,299,303,297,295,298,290,293,300,298,300,306,327,307,296,291,299,300,294,300,302,294,294,297,295,298,292,296,299,299,290,295,292,295,298,293,292,298,297,296,293,297,292,296,293,295,291,293,294,295,295,294,295,296,292,294,294,295,294,297,300,291,299,296,294,291,292,294,291,294,294,293,297,298,292,290,294,292,297,305,297,296,296,302,297,364,374,330,327,311,299,296,296,291,294,298,293,298,298,293,299,301,294,293,292,295,293,295,298,293,285,298,300,292,300,297,295,301,288,293,289,296,300,296,291,297,299,292,292,294,291,298,298,294,301,294,289,295,291,301,295,324,322,302,294,293,289,302,297,300,311,310,298,298,291,297,295,297,297,299,296,290,300,295,292,295,293,295,296,290,295,297,302,295,295
296,292,295,299,294,295,294,292,293,294,293,296,289,290,295,294,298,290,294,295,292,299,296,294,299,295,298,295,294,292,293,295,293,297,293,293,294,296,291,303,297,297,295,296,295,296,296,291,301,292,290,300,353,348,319,292,299,290,297,296,297,288,292,298,299,293,291,290,298,296,295,295,290,295,289,293,314,353,337,302,299,295,297,294,299,296,291,297,294,295,293,295,296,291,291,290,296,302,293,299,294,293,293,293,293,289,295,290,296,296,288,293,289,295,291,291,295,296,294,294,287,298,302,302,297,299,287,295,298,302,501,663,423,311,296,297,291,302,292,297,298,294,291,295,297,293,297,296,291,300,298,315,400,362,302,298,289,296,298,341,330,302,293,349,388,324,302,293,297,297,298,295,298,295,291,297,287,292,298,293,293,294,294,294,297,296,296,290,299,295,295,296,300,298,293,299,297,299,290,292,287,295,299,295,300,295,295,295,301,297,301,293,298,408,519,358,303,295,289,293,294,303,295,293,290,293,295,293,296,293,294,302,358,346,306,292,296,295,295,294,300,302,295,294,296,289,290,291,296,296,298,294,295,290,296,293,289,295,296,290,292,298,293,295,295,294,298,295,295,297,297,302,293,294,297,289,298,296,298,290,297,296,319,329,308,299,295,294,295,289,293,296,294,290,292,291,298,290,294,291,296,297,291,295,295,296,302,295,296,297,288,297,295,307,363,333,301,291,304,294,298,294,290,302,293,289,295,296,333,361,314,294,294,294,296,293,295,293,298,306,288,286,290,293,296,290,299,302,310,315,301,291,296,288,286,296,293,297,298,293,296,295,300,298,292,294,299,294,294,297,292,290,297,297,300,292,297,302,294,293,293,298,294,297,296,292,294,296,297,294,294,297,295,292,293,291,301,297,299,301,300,290,301,292,295,289,295,293,295,292,300,291,300,295,293,299,299,294,300,292,287,304,365,385,328,321,308,299,301,303,298,296,299,291,293,292,298,301,293,300,295,290,292,294,296,298,295,292,297,298,295,297,298,290,297,298,298,291,293,299,292,298,299,296,290,292,298,290,288,298,289,309,293,298,296,298,299,303,321,328,297,294,295,289,289,296,296,311,318,302,295,297,298,300,292,298,293,293,291,295,289,299,300,291,293,298,297,297,298,290,287,294
297,299,292,287,299,296,295,290,302,293,291,300,296,299,296,293,296,290,298,295,293,298,299,304,297,301,301,293,293,293,292,293,290,288,294,297,293,293,294,297,291,299,293,299,295,291,295,294,298,299,295,305,350,354,318,299,296,295,296,296,294,292,294,296,292,294,293,289,296,297,298,296,290,293,300,299,318,358,343,310,290,293,294,295,299,292,298,292,295,296,293,295,289,295,297,301,296,291,297,294,290,296,298,293,298,292,297,290,290,297,294,296,296,293,298,301,290,298,303,296,296,292,302,303,293,298,297,296,294,306,515,679,417,313,297,300,294,294,297,295,295,300,295,297,297,295,296,297,292,297,292,311,397,364,308,293,289,291,313,344,345,303,297,355,397,334,300,295,295,295,295,291,298,303,296,293,301,291,295,294,296,291,300,295,300,298,292,290,292,293,301,309,300,297,297,293,297,293,294,298,297,286,294,295,294,292,301,295,293,296,294,298,298,413,509,366,300,295,298,299,295,298,290,298,292,299,294,291,298,291,292,296,352,355,308,297,301,296,298,289,296,292,292,294,293,295,296,297,302,297,293,291,297,293,300,287,292,289,295,290,300,294,295,289,297,298,296,293,294,296,299,299,291,298,293,297,290,296,299,294,295,295,320,333,300,292,297,294,298,296,288,294,291,299,297,292,298,291,294,291,290,293,286,294,292,295,298,293,299,295,292,292,294,313,366,339,297,295,290,292,296,292,287,300,301,288,291,295,334,356,315,300,295,294,294,296,299,296,300,302,297,295,298,300,298,292,298,305,314,313,309,299,294,297,297,296,296,290,290,294,295,295,298,296,297,301,297,299,292,288,291,298,293,296,296,295,291,291,294,295,292,294,296,298,293,294,294,293,289,295,292,293,294,295,299,293,290,291,294,293,291,299,298,295,290,293,291,293,295,297,294,298,295,295,294,301,299,294,298,297,295,304,366,384,322,324,308,291,301,297,299,297,295,298,295,290,301,292,295,290,299,299,293,291,293,296,297,293,302,298,292,294,295,293,291,293,298,298,296,294,293,296,291,297,294,295,288,292,295,294,295,298,297,295,290,295,291,305,322,323,304,299,289,295,296,288,296,313,306,298,299,296,297,295,296,293,294,291,299,292,295,296,292,295,294,295,290,293,298,299,288,301
298,292,294,295,294,297,300,294,294,287,292,288,296,295,291,300,293,298,293,290,294,297,288,298,288,293,293,294,296,287,296,294,297,302,294,291,290,295,291,291,296,293,300,301,297,293,294,299,297,297,297,299,364,356,311,296,293,296,296,296,301,293,295,293,296,296,291,296,293,293,297,296,298,296,290,299,312,358,336,306,301,294,296,299,292,298,293,292,292,291,295,291,295,289,290,295,295,293,295,294,297,296,290,292,298,295,301,292,288,300,298,295,296,294,293,296,294,293,290,291,297,288,305,298,296,302,299,296,298,308,525,684,426,312,298,296,294,296,298,299,296,298,299,299,291,291,295,296,293,294,297,317,400,362,307,299,296,292,307,341,337,300,294,362,389,323,292,296,294,294,295,295,296,294,296,297,295,296,298,291,295,290,293,298,292,297,291,293,292,294,297,301,298,295,301,298,296,305,293,297,296,291,294,292,290,292,294,294,293,287,296,299,301,419,514,361,305,297,299,292,300,295,302,295,294,296,294,292,296,293,304,295,366,348,307,296,300,290,297,298,295,294,295,297,293,297,292,294,295,301,298,303,301,293,296,297,295,296,298,298,293,294,294,295,291,300,294,297,299,296,302,301,296,292,287,291,298,298,294,298,296,294,320,335,307,293,297,296,299,296,301,296,295,294,294,294,293,290,292,292,292,297,290,297,294,296,290,293,295,291,300,291,297,305,357,339,298,298,297,292,301,294,291,297,300,300,291,295,345,361,321,294,297,299,299,291,298,294,302,305,299,291,291,298,296,298,300,305,319,332,304,297,294,289,296,299,301,292,295,293,299,293,287,296,292,302,300,300,292,290,297,298,297,287,292,291,292,296,297,293,297,292,298,299,297,293,298,289,300,293,296,290,296,291,290,299,295,298,298,297,293,288,295,287,296,300,289,296,292,293,300,295,301,289,293,297,306,292,295,291,296,302,376,382,323,331,309,296,299,295,293,294,298,295,293,293,293,295,290,290,306,291,294,300,293,295,296,292,294,292,298,293,296,293,290,298,297,295,296,297,303,294,300,292,294,299,292,298,293,291,298,290,295,297,300,290,294,298,334,322,305,294,298,296,291,299,298,318,315,297,292,293,294,294,292,291,297,294,296,297,292,294,292,290,294,299,292,294,297,292,293,296
298,293,297,295,294,294,291,295,293,293,293,291,290,297,296,294,294,298,291,294,295,297,297,295,300,296,292,288,295,297,293,294,302,300,297,293,296,295,293,297,289,295,298,298,292,290,292,299,294,298,299,297,356,354,315,298,288,303,293,294,297,295,294,297,297,297,292,297,295,293,285,296,292,292,296,294,312,366,331,307,297,289,298,296,289,293,297,292,299,294,301,292,298,291,295,294,291,294,292,295,294,297,297,300,299,295,298,298,294,295,296,297,289,289,297,294,296,294,284,295,302,292,307,306,299,300,293,291,297,300,530,676,438,309,296,295,296,296,292,294,297,293,297,297,297,292,291,299,299,296,300,316,408,364,308,301,296,296,303,348,339,302,292,359,403,321,296,299,295,291,301,290,294,291,298,287,295,298,297,290,291,295,292,302,290,295,298,301,296,295,301,298,307,293,291,296,290,295,292,295,294,285,298,293,300,300,298,295,295,288,298,296,295,419,527,363,304,301,295,295,300,293,299,292,290,294,299,291,299,295,291,298,366,348,299,298,291,295,297,298,293,291,299,288,290,291,292,298,294,293,298,294,297,293,293,288,293,290,293,295,295,297,296,298,298,293,297,296,291,295,293,294,294,294,296,293,297,291,299,292,301,294,327,337,305,298,294,297,295,295,297,293,293,293,298,297,297,298,299,294,295,292,300,300,296,293,294,296,297,297,295,295,291,308,363,335,304,299,296,295,296,290,302,296,293,296,292,299,344,364,305,298,295,294,298,297,292,293,299,312,299,290,297,299,295,296,298,300,311,317,307,299,296,290,303,298,298,301,284,298,296,291,297,299,295,303,289,301,294,296,292,295,295,285,298,293,287,296,288,292,296,291,297,297,293,297,298,302,289,299,298,292,299,296,295,294,287,294,296,289,297,293,294,295,294,291,292,294,295,300,293,292,293,298,299,298,301,295,296,297,299,305,383,385,326,333,311,290,304,293,299,295,297,295,299,290,295,291,301,294,292,298,292,295,294,292,294,296,296,294,294,294,295,294,296,289,288,296,291,292,295,288,297,295,291,297,292,298,292,299,293,301,296,294,299,297,296,300,336,328,303,297,296,297,294,294,293,318,309,295,299,295,295,300,293,293,290,297,289,300,297,289,292,295,295,294,291,292,291,294,296,294
